track,country,city,institution,institution_type,programme_name_exact,degree_awarded,faculty_or_school,language,duration_months,ects,intake_months,tuition_non_eu_per_year,tuition_source_url,living_cost_estimate_year,app_deadline_non_eu,app_deadline_source_url,min_prior_ects,accepts_3yr_bachelor,english_req,other_tests,portfolio_required,work_experience_required,quantitative_prereqs,programme_url,post_study_work_visa,fit_notes,verified_date,confidence,entry_requirement_note,entry_requirement_source_url
A,Austria,Linz,Johannes Kepler University Linz,public,Economic and Business Analytics,Master of Science (MSc),JKU Business School and Department of Economics,EN,24,120,October,"1453.44 (EUR 726.72 per semester third-country tuition, plus EUR 26.20 per semester OeH fee; winter term 2026/27)",https://www.jku.at/en/degree-programs/students/start-your-studies/pay-austrian-student-union-fees-and-tuition/,NOT_FOUND,NOT_FOUND,https://www.jku.at/en/degree-programs/international-students/international-students/,180,yes,NOT_FOUND,"GMAT score of 600 or above, no older than two years, required from autumn 2026 for applicants who did not complete their prior degree at a recognised institution in the EU/EEA",n/a,no,"Bachelor in economics and business or business administration, or a comparable degree; with at least 6 ECTS in economics, business administration, mathematics or statistics the Rectorate may admit with up to 24 ECTS of supplementary examinations",https://www.jku.at/en/degree-programs/types-of-degree-programs/masters-degree-programs/ma-economic-and-business-analytics/,12-month residence permit to seek employment after graduation (Austria),Supplementary-examination route means a Business Intelligence licence can qualify even if subject coverage is thin. The new GMAT 600 rule for non-EU applicants is the binding constraint.,2026-08-16,medium,NOT_FOUND,NOT_FOUND
A,Austria,Vienna,University of Vienna,public,Business Analytics,Master of Science (MSc),"Joint programme of the faculties of Business, Economics and Statistics; Computer Science; Mathematics and others",EN,24,120,October,1453.44 (EUR 726.72 per semester third-country tuition at Austrian public universities),https://www.bmfwf.gv.at/en/science/studying/tuition-fees.html,NOT_FOUND,2026-04-07 PRIOR_CYCLE (application period 2 March - 7 April 2026 for 2026/27),https://studieren.univie.ac.at/en/admission/master-programmes/business-analytics/,180,yes,B2 CEFR,GRE General Test at least 300 points or GMAT at least 500 points,n/a,no,"Eligible bachelors listed: economics, business administration, business informatics, computer science, international business administration, mathematics, statistics",https://studieren.univie.ac.at/en/degree-programmes/master-programmes/business-analytics-master/,12-month residence permit to seek employment after graduation (Austria),Predictive and prescriptive analytics plus decision-support system design is the closest single match in the territory to a Business Intelligence bachelor. Capped at 40 places with a selection procedure.,2026-08-16,high,NOT_FOUND,NOT_FOUND
A,Austria,Vienna,WU Vienna University of Economics and Business,public,Digital Economy,Master of Science (MSc WU),WU Vienna University of Economics and Business,EN,24,120,October,"1453.44 (EUR 726.72 per semester non-EU/EEA tuition, plus EUR 26.20 per semester OeH fee)",https://www.wu.ac.at/en/students/getting-organized/tuition-fees-students-union-oeh-dues,NOT_FOUND,2026-10-08 (priority 1 deadline; further rounds 8 January and 8 March - WU advises third-country nationals to use the first round),https://www.wu.ac.at/en/programs/masters-programs/digital-economy/application-admission,180,yes,Proficiency documented per WU Admissions Office list,"GMAT or GRE, or at least two letters of recommendation from a teacher, advisor or supervisor",n/a,no,"Relevant bachelor's programme from a recognised post-secondary institution; programme covers AI, big data, information systems and digital business models",https://www.wu.ac.at/en/programs/masters-programs/digital-economy/overview,12-month residence permit to seek employment after graduation (Austria),"This is WU's regular full-time MSc, not an executive programme. Letters of recommendation can replace GMAT/GRE, which is unusual and lowers the testing burden.",2026-08-16,high,NOT_FOUND,NOT_FOUND
A,Austria,Vienna,TU Wien,public,Business Informatics,"Diplom-Ingenieur (Dipl.-Ing.), equivalent to Master of Science",Faculty of Informatics,EN,24,120,October; March,1453.44 (EUR 726.72 per semester third-country tuition at Austrian public universities),https://www.bmfwf.gv.at/en/science/studying/tuition-fees.html,NOT_FOUND,NOT_FOUND,https://www.tuwien.at/en/studies/admission/masters-programmes,180,conditional,B2 CEFR,NOT_FOUND,n/a,no,"87 ECTS of prerequisites required: 23 ECTS computer science, 28 ECTS business informatics, 18 ECTS economics, 18 ECTS structural sciences; conditional admission possible where up to 30 ECTS are missing",https://informatics.tuwien.ac.at/master/business-informatics/,12-month residence permit to seek employment after graduation (Austria),"Conditional admission absorbs up to 30 ECTS of missing prerequisites, which is the realistic route for a Business Intelligence licence. Heaviest subject-prerequisite load of the Track A set.",2026-08-16,medium,NOT_FOUND,NOT_FOUND
A,Belgium,Louvain-la-Neuve,UCLouvain,public,Master [120] in Business Engineering,"Master 120 credits (second-cycle degree, French Community of Belgium)",Louvain School of Management (LSM),EN/FR,24,120,NOT_FOUND,5369 (2026-2027: minerval 1194 + supplementary contribution 4175 for non-EU nationals),https://uclouvain.be/fr/inscriptions/montant-droits-inscription,NOT_FOUND,NOT_FOUND,NOT_FOUND,NOT_FOUND,conditional,French B2 (CEFR) required; English B1 strongly recommended for the English-taught courses,NOT_FOUND,n/a,no,NOT_FOUND,https://uclouvain.be/en-prog-2026-ingm2m,"yes - search year permit, max 12 months to seek work or start a company; source https://dofi.ibz.be/en/themes/third-country-nationals/study/search-year-after-higher-studies","Non-Belgian bachelor holders enter only via application review, with up to 60 credits of additional coursework possible. French B2 is an admission requirement, which the applicant meets.",2026-08-16,medium,NOT_FOUND,NOT_FOUND
A,Belgium,Brussels,Universite libre de Bruxelles (ULB),public,Master in Business engineering,"Master 120 credits (second-cycle degree, French Community of Belgium)",Solvay Brussels School of Economics and Management,EN/FR,24,120,NOT_FOUND,5369 (2026-2027: 1194 base fee + 4175 additional fee for non-EU nationals not exempt under the ARES circular),https://www.ulb.be/en/enrolment/tuitions-fees,NOT_FOUND,NOT_FOUND,NOT_FOUND,NOT_FOUND,NOT_FOUND,NOT_FOUND,NOT_FOUND,n/a,no,NOT_FOUND,https://www.ulb.be/en/programme/ma-inge,"yes - search year permit, max 12 months to seek work or start a company; source https://dofi.ibz.be/en/themes/third-country-nationals/study/search-year-after-higher-studies",Bilingual English/French 120-credit master at Solvay. Admission criteria for foreign bachelor holders are not published on the programme page and must be requested from the school.,2026-08-16,medium,NOT_FOUND,NOT_FOUND
A,Belgium,Ghent,Ghent University,public,Master of Science in Business Engineering - main subject Data Analytics,"Master of Science (MSc), 120 credits",Faculty of Economics and Business Administration,EN,24,120,September,"7079.40 (non-EEA, Tuition Fee B tier, academic year 2026-2027; EUR 305.40 fixed + 60 x (31 + 81.90))",https://www.ugent.be/student/en/administration/tuition/tuition-fee-master-programme-not-advanced-and-masters-programme-in-teaching.htm/tuitionmasterteacher20262027.htm,NOT_FOUND,2027-04-01,https://www.ugent.be/eb/en/study-programmes/master-in-business-engineering/programme-overview.htm,NOT_FOUND,NOT_FOUND,NOT_FOUND,NOT_FOUND,n/a,no,"Data Analytics main subject of 34 ECTS within a 120-ECTS programme (50 ECTS compulsory courses, 12 ECTS electives, 24 ECTS dissertation)",https://www.ugent.be/eb/en/study-programmes/master-in-business-engineering,"yes - search year permit, max 12 months to seek work or start a company; source https://dofi.ibz.be/en/themes/third-country-nationals/study/search-year-after-higher-studies",English-taught business-engineering master with a dedicated Data Analytics major at a fraction of Dutch non-EU tuition. Ghent states 1 April as the non-EEA application deadline.,2026-08-16,medium,NOT_FOUND,NOT_FOUND
A,Belgium,Leuven,KU Leuven,public,Master of Business Engineering (Leuven),"Master of Science, 120 credits",Faculty of Economics and Business (FEB),EN,24,120,NOT_FOUND,"9493.90 (2026-2027 non-EEA tuition fee, full-time 60 credits)",https://hiw.kuleuven.be/en/apply/tuitionfees,NOT_FOUND,NOT_FOUND,NOT_FOUND,NOT_FOUND,NOT_FOUND,NOT_FOUND,NOT_FOUND,n/a,no,majors include Quantitative Methods for Decision Making and Quantitative Marketing; no major named Business Analytics,https://onderwijsaanbod.kuleuven.be/opleidingen/e/SC_53419709/diploma_omschrijving,"yes - search year permit, max 12 months to seek work or start a company; source https://dofi.ibz.be/en/themes/third-country-nationals/study/search-year-after-higher-studies",Closest KU Leuven match to Track A is the Quantitative Methods for Decision Making major (24 ECTS) inside this business-engineering master. There is no dedicated business-analytics major.,2026-08-16,medium,NOT_FOUND,NOT_FOUND
A,Belgium,Liege,Universite de Liege (HEC Liege),public,"Master : ingenieur de gestion, a finalite specialisee en digital business","Master 120 credits (second-cycle degree, French Community of Belgium)",HEC Liege - Ecole de gestion de l'Universite de Liege,EN/FR,24,120,NOT_FOUND,NOT_FOUND,NOT_FOUND,NOT_FOUND,NOT_FOUND,NOT_FOUND,240,conditional,English B2 (CEFR),NOT_FOUND,n/a,no,NOT_FOUND,https://www.programmes.uliege.be/cocoon/20252026/formations/condac/G2SDBU01.html,"yes - search year permit, max 12 months to seek work or start a company; source https://dofi.ibz.be/en/themes/third-country-nationals/study/search-year-after-higher-studies","Foreign degrees must be valued at a minimum of 240 credits of which 180 first-cycle, so the applicant's 180-ECTS licence is below the stated threshold. Programme is organised essentially in English; the catalogue page consulted is the 2025-2026 edition.",2026-08-16,low,NOT_FOUND,NOT_FOUND
A,Croatia,Zagreb,Algebra Bernays University,private-accredited-by-state,Data Science,"Data Science specialisation of the Professional Graduate Study Programme in Applied Computer Engineering; academic title mag. ing. comp. (Professional Master in Computer Engineering, sub-specialization in Data Science)",Algebra Bernays University,EN,24,120,10,5490 (rate for holders of an undergraduate degree from another institution; 5280 for Algebra graduates; academic year 2025/2026) PRIOR_CYCLE,https://www.algebra.hr/sveuciliste/en/admissions/tuition-fee/tuition-fees-2025-2026/tuition-fees-for-international-students-outside-eu-eaa/,NOT_FOUND,NOT_FOUND,NOT_FOUND,NOT_FOUND,NOT_FOUND,English language requirements published at https://www.algebra.hr/sveuciliste/en/admissions/english-language-requirements/,NOT_FOUND,no,no,NOT_FOUND,https://www.algebra.hr/sveuciliste/en/graduate-study-programmes/data-science/,NOT_FOUND,"Advanced analytics, machine learning, computer vision, big-data techniques and data visualisation applied to business contexts, a close fit to the applicant's Power BI and scikit-learn base. Delivery is blended (online plus campus) or fully online; an optional dual degree with Goldsmiths, University of London is offered alongside the Croatian degree.",2026-08-16,medium,NOT_FOUND,NOT_FOUND
A,Croatia,Zagreb,Algebra Bernays University,private-accredited-by-state,Digital Marketing,Graduate Study Programme - Digital Marketing,Algebra Bernays University,EN,NOT_FOUND,NOT_FOUND,10,5490 (rate for holders of an undergraduate degree from another institution; 5280 for Algebra graduates; academic year 2025/2026) PRIOR_CYCLE,https://www.algebra.hr/sveuciliste/en/admissions/tuition-fee/tuition-fees-2025-2026/tuition-fees-for-international-students-outside-eu-eaa/,NOT_FOUND,NOT_FOUND,NOT_FOUND,NOT_FOUND,NOT_FOUND,English language requirements published at https://www.algebra.hr/sveuciliste/en/admissions/english-language-requirements/,NOT_FOUND,no,no,NOT_FOUND,https://www.algebra.hr/sveuciliste/en/graduate-study-programmes/digital-marketing/,NOT_FOUND,"Marketing-analytics oriented graduate programme delivered entirely in English. Delivery is blended (online plus campus) or fully online; an optional dual degree with Goldsmiths, University of London is offered alongside the Croatian degree.",2026-08-16,low,NOT_FOUND,NOT_FOUND
A,Croatia,Zagreb,Algebra Bernays University,private-accredited-by-state,Economics of Digital Business,Graduate Study Programme - Economics of Digital Business,Algebra Bernays University,EN,NOT_FOUND,NOT_FOUND,10,5490 (rate for holders of an undergraduate degree from another institution; 5280 for Algebra graduates; academic year 2025/2026) PRIOR_CYCLE,https://www.algebra.hr/sveuciliste/en/admissions/tuition-fee/tuition-fees-2025-2026/tuition-fees-for-international-students-outside-eu-eaa/,NOT_FOUND,NOT_FOUND,NOT_FOUND,NOT_FOUND,NOT_FOUND,English language requirements published at https://www.algebra.hr/sveuciliste/en/admissions/english-language-requirements/,NOT_FOUND,no,no,NOT_FOUND,https://www.algebra.hr/sveuciliste/en/graduate-study-programmes/economics-of-digital-business/,NOT_FOUND,"Digital-business economics graduate programme delivered entirely in English. Delivery is blended (online plus campus) or fully online; an optional dual degree with Goldsmiths, University of London is offered alongside the Croatian degree.",2026-08-16,low,NOT_FOUND,NOT_FOUND
A,Cyprus,Limassol,University of Limassol (formerly CIIM),private-accredited-by-state,MSc in Business Intelligence and Data Analytics,"MSc, accredited by CYQAA (Cyprus Agency of Quality Assurance and Accreditation) to Spring Semester 2027 and recognised by KYSATS",CIIM Business School / Department of Information Technologies,EN,14,90,NOT_FOUND,8930,https://www.uol.ac.cy/Tuition-Fees/,NOT_FOUND,NOT_FOUND,NOT_FOUND,NOT_FOUND,conditional,"IELTS 5.5 or TOEFL 550 paper / 250 computer, or a degree taught in English",no,no,no,yes - satisfactory quantitative skills evidenced by quantitative courses taken during the bachelor degree,https://www.uol.ac.cy/en/program/msc-bida-program,NOT_FOUND,"On-campus, English-taught, 90 ECTS over 14 months with core modules in database management, data mining, big data and Python that overlap the applicant's existing stack. EUR 8,930 is the total programme fee in the university's published 2026-2027 schedule, which does not list a separate non-EU rate.",2026-08-16,medium,"Admissions Requirements: ""Bachelor's degree and transcripts from an accredited program. In terms of GPA, we expect 2:2 and above from UK schools, 3.0 and above from US schools, and 6.5 and above or the equivalent from Cypriot and Greek Universities and colleges."" Also: ""Satisfactory quantitative skills as evidenced by the quantitative courses they have taken during their Bachelor's degree study."" No credit volume and no minimum duration of prior study is published; a 3-year 180-ECTS licence is not excluded by the wording, but the quantitative-coursework check is an individual assessment.",https://www.uol.ac.cy/en/program/msc-bida-program
A,Cyprus,Paphos,American University of Beirut - Mediterraneo (AUB Mediterraneo),private-accredited-by-state,Master of Science in Business Analytics (MSBA),"MS, accredited by CYQAA to Spring Semester 2028",Faculty of Business,EN,18,90,NOT_FOUND,19200,https://www.aubmed.ac.cy/Admissions/Pages/Graduate-Tuition-and-Financial-Assistance.aspx,NOT_FOUND,NOT_FOUND,NOT_FOUND,NOT_FOUND,NOT_FOUND,NOT_FOUND,NOT_FOUND,no,NOT_FOUND,NOT_FOUND,https://www.aubmed.ac.cy/Pages/Master-of-Science-in-Business-Analytics.aspx,NOT_FOUND,"Tuition is charged at EUR 320 per ECTS, EUR 19,200 per 60-ECTS year on the 2025-2026 schedule PRIOR_CYCLE, and is not differentiated by nationality - the published discounts (10-20 percent AUB Europe Scholarship) apply only to EU/UK/EEA nationals, so a Tunisian applicant pays the full rate. Programme is 90 ECTS with an MSBA bootcamp prerequisite.",2026-08-16,medium,"AMBIGUOUS - no prior-degree rule published. The official Graduate Admissions page lists only documentary requirements: ""Official transcripts from all institutions previously attended providing a complete record of study. Statement of purpose. Resume or CV. English language requirement (upon admission and prior to matriculation)."" It states no required degree type, credit volume, duration or GPA, and the MSBA programme page carries no admission section. Prior credit volume acceptable for entry cannot be established from published sources; applicant must ask admissions directly.",https://www.aubmed.ac.cy/Admissions/Pages/Graduate-Admissions.aspx
A,Czechia,Prague,Prague University of Economics and Business (VSE),public,Economic Data Analysis,Ing. (inzenyr) - second-cycle master's degree accredited by the Czech Ministry of Education (MSMT),Faculty of Informatics and Statistics,EN,24,NOT_FOUND,9,"5000 (2500 EUR per semester, academic year 2026/2027)",https://fis.vse.cz/english/apply/,NOT_FOUND,2027-02-28,https://fis.vse.cz/english/admissions/admissions/master/,180,yes,"IELTS 6.0, TOEFL iBT 78, FCE/CAE/CPE or Duolingo 110; waived if the bachelor was taught in English","Admission exam: CV assessment 20 percent, oral online examination 80 percent",no,no,Bachelor's degree in a related field recommended,https://fis.vse.cz/english/about/about-the-programmes/economic-data-analysis/,NOT_FOUND,"Applications for 2026/2027 closed; the 2027/2028 round opens November 2026, matching the working assumption of an autumn 2027 intake. Round I (to 28 Feb 2027) is the one recommended for visa-required applicants.",2026-08-16,medium,NOT_FOUND,NOT_FOUND
A,Czechia,Prague,Prague University of Economics and Business (VSE),public,Information Systems Management,Ing. (inzenyr) - second-cycle master's degree accredited by the Czech Ministry of Education (MSMT),Faculty of Informatics and Statistics,EN,24,NOT_FOUND,9,"5000 (2500 EUR per semester, academic year 2026/2027)",https://fis.vse.cz/english/apply/,NOT_FOUND,2027-02-28,https://fis.vse.cz/english/admissions/admissions/master/,180,yes,"IELTS 6.0, TOEFL iBT 78, FCE/CAE/CPE or Duolingo 110; waived if the bachelor was taught in English","Admission exam: CV assessment 20 percent, oral online examination 80 percent",no,no,Bachelor's degree in a related field recommended,https://fis.vse.cz/english/admissions/admissions/master/,NOT_FOUND,"Applications for 2026/2027 closed; the 2027/2028 round opens November 2026, matching the working assumption of an autumn 2027 intake. Round I (to 28 Feb 2027) is the one recommended for visa-required applicants.",2026-08-16,medium,NOT_FOUND,NOT_FOUND
A,Denmark,Aalborg,Aalborg University,public,Economics and Business Administration - Business Data Science,Master of Science (MSc) in Economics and Business Administration,Aalborg University Business School,EN,24,120,September,7450 (DKK 55600/yr; DKK 27800 = EUR 3725 per semester),https://www.en.aau.dk/education/apply/master/finance-and-fees,NOT_FOUND,2027-01-15,https://www.en.aau.dk/education/apply/master/how-and-when-to-apply,180,yes,English at Danish B level plus an AAU-approved English test for English-taught master's programmes,Application fee EUR 150 for non-EU/EEA applicants,n/a,no,NOT_FOUND,https://www.en.aau.dk/education/master/economics-and-business-administration/business-data-science,NOT_FOUND,Lowest verified non-EU tuition for Track A in the territory. Requires a relevant recognised bachelor equivalent to a Danish 180-ECTS degree; subject-credit thresholds are not published on the English pages.,2026-08-16,medium,NOT_FOUND,NOT_FOUND
A,Denmark,Aarhus,Aarhus University,public,MSc in Economics and Business Administration - Business Intelligence,Master of Science (MSc) in Economics and Business Administration,"Aarhus BSS, School of Business and Social Sciences",EN,24,120,September,"13000 (EUR 13000/yr for 60 ECTS, academic year 2026/27)",https://masters.au.dk/tuitionfees/current-tuition-fee-rates,NOT_FOUND,2027-01-15,https://masters.au.dk/deadlines-and-important-dates/timeline-summer-non-eu,180,conditional,Aarhus University English language requirements (specific score not stated on the programme page),Application fee EUR 150 for non-EU/EEA applicants (covers up to three AU applications),n/a,no,"85 ECTS of specified business subjects incl. 10 ECTS quantitative methods or statistics, 7.5 ECTS each in marketing, finance, accounting and organisation/leadership, 5 ECTS each in microeconomics and operations management, plus a 10 ECTS bachelor project",https://masters.au.dk/businessintelligence,NOT_FOUND,Requires 85 ECTS of prescribed business coursework including 10 ECTS of quantitative methods. Limited intake with ranked selection among qualified applicants.,2026-08-16,high,NOT_FOUND,NOT_FOUND
A,Denmark,Frederiksberg (Copenhagen),Copenhagen Business School (CBS),public,MSc in Business Administration and Data Science,"Master of Science (MSc), 120 ECTS",Copenhagen Business School,EN,24,120,September,"16000 (EUR 16000/yr; DKK 120000/yr, EUR 8000 per semester)",https://www.cbs.dk/en/study/graduate/admission/non-eueea-citizens,NOT_FOUND,2027-01-15,https://www.cbs.dk/en/study/graduate/admission/non-eueea-citizens,180,yes,English at Danish A level; IELTS Academic 7.0 overall with 6.0 in each component or TOEFL iBT 94,Application fee EUR 150 for non-EU/EEA applicants,n/a,no,"Minimum 30 ECTS across quantitative methods (statistics, mathematics, econometrics), information technology (programming/computer science) and/or economics",https://www.cbs.dk/en/study/graduate/msc-in-business-administration-and-data-science,NOT_FOUND,A three-year 180-ECTS bachelor is explicitly accepted and the 30-ECTS quantitative/IT requirement matches a Business Intelligence licence. Non-EU applicants must apply in Group 2 by 15 January.,2026-08-16,high,NOT_FOUND,NOT_FOUND
A,Finland,Oulu,University of Oulu,public,"Business Analytics, Master of Science (Economics and Business Administration) (2 years)",Master of Science (Economics and Business Administration),Oulu Business School,EN,24,120,autumn,12000 (EUR 12000/yr),https://opintopolku.fi/konfo/en/toteutus/1.2.246.562.17.00000000000000001405,9600 (EUR 800/month Migri residence-permit requirement),2026-01-21 PRIOR_CYCLE,https://opintopolku.fi/konfo/en/toteutus/1.2.246.562.17.00000000000000001405,180,yes,NOT_FOUND,Application fee EUR 100 for non-EU/EEA applicants,n/a,no,NOT_FOUND,https://opintopolku.fi/konfo/en/toteutus/1.2.246.562.17.00000000000000001405,NOT_FOUND,Foreign bachelor's degrees are listed as qualifying prior education; 20 study places. Studyinfo records no scholarship for this programme.,2026-08-16,high,NOT_FOUND,NOT_FOUND
A,Finland,Joensuu,University of Eastern Finland,public,"Master's programme in Digital Marketing and Analytics, Joensuu, Master of Science (Economics and Business Administration) (2 years)",Master of Science (Economics and Business Administration),Faculty of Social Sciences and Business Studies,EN,24,120,autumn,12000 (EUR 12000/yr),https://opintopolku.fi/konfo/en/toteutus/1.2.246.562.17.00000000000000033022,9600 (EUR 800/month Migri residence-permit requirement),2026-01-21 PRIOR_CYCLE,https://opintopolku.fi/konfo/en/toteutus/1.2.246.562.17.00000000000000033022,180,yes,NOT_FOUND,Application fee EUR 100 for non-EU/EEA applicants,n/a,no,NOT_FOUND,https://opintopolku.fi/konfo/en/toteutus/1.2.246.562.17.00000000000000033022,NOT_FOUND,"Marketing-analytics degree combining digital marketing, platform economy and customer analytics. Also offered on the Kuopio campus with the same fee and application period; Studyinfo records no scholarship.",2026-08-16,high,NOT_FOUND,NOT_FOUND
A,Finland,Espoo,Aalto University,public,"Information and Service Management, Master of Science (Economics and Business Administration)",Master of Science (Economics and Business Administration),Aalto University School of Business,EN,24,120,autumn,15000 (EUR 15000/yr),https://www.aalto.fi/en/study-options/information-and-service-management-master-of-science-economics-and-business-administration,9600 (EUR 800/month Migri residence-permit requirement),2026-01-02 PRIOR_CYCLE,https://www.aalto.fi/en/study-options/information-and-service-management-master-of-science-economics-and-business-administration,180,yes,NOT_FOUND,"GMAT minimum 550 / GMAT Focus 515 / GRE 154 verbal and 155 quantitative, mandatory for applicants with a degree from abroad or from a university of applied sciences; application fee EUR 100",n/a,no,"Minimum 24 ECTS in logistics, management science, information systems science, technology management, business mathematics or statistics (Admission Group 2)",https://www.aalto.fi/en/study-options/information-and-service-management-master-of-science-economics-and-business-administration,NOT_FOUND,"GMAT or GRE is mandatory for holders of a foreign bachelor's degree, and 24 ECTS of listed quantitative/IS studies are required. Tuition waivers of 0-100% are available.",2026-08-16,high,NOT_FOUND,NOT_FOUND
A,Finland,Lappeenranta,LUT University,public,Master's Programme in Business Analytics,Master of Science in Economics and Business Administration,LUT Business School,EN,24,120,autumn,15000 (EUR 15000/yr),https://www.lut.fi/en/studies/kauppatieteet/masters-programme-business-analytics,9600 (EUR 800/month Migri residence-permit requirement),2027-03-31,https://www.lut.fi/en/studies/kauppatieteet/masters-programme-business-analytics,180,yes,NOT_FOUND,Application fee EUR 100 for non-EU/EEA applicants,n/a,no,"Bachelor in business administration, applied mathematics, IT or computer science, engineering, statistics, management science or decision sciences",https://www.lut.fi/en/studies/kauppatieteet/masters-programme-business-analytics,NOT_FOUND,"Rolling admission for the next intake runs 1 October 2026 to 31 March 2027, the only current-cycle deadline verified in the territory. Business-administration bachelors are explicitly eligible.",2026-08-16,high,NOT_FOUND,NOT_FOUND
A,France,Aix-en-Provence,Aix-Marseille Universite - Aix-Marseille School of Economics,public,"Master Econometrics, Statistics (M1 Econometrics Statistics + M2 Econometrics Data Science)",Diplome national de master delivered by Aix-Marseille Universite,Aix-Marseille School of Economics / Faculte d'Economie et de Gestion,EN,24,NOT_FOUND,NOT_FOUND,3950,https://www.campusfrance.org/en/tuition-fees-France,NOT_FOUND,NOT_FOUND,NOT_FOUND,180,NOT_FOUND,NOT_FOUND,NOT_FOUND,no,no,Quantitative economics/econometrics background; M2 entry requires a Master 1 in economics with a strong quantitative focus,https://www.amse-aixmarseille.fr/en/study/master-econometrics-statistics,yes - APS temporary residence permit available to master's-level graduates,"M1 can be followed in a full-English curriculum and the M2 Econometrics Data Science track is taught entirely in English, covering econometrics, machine learning and big data. Tuition recorded is the national non-EU differentiated master rate for 2026-2027; an AMU-specific exemption policy was not verified.",2026-08-16,low,NOT_FOUND,NOT_FOUND
A,France,Toulouse,Universite Toulouse Capitole - Toulouse School of Economics,public,Master in Data Science for Social Sciences (D3S),Diplome national de master delivered by Universite Toulouse Capitole,Toulouse School of Economics,EN,24,NOT_FOUND,September,5755 PRIOR_CYCLE,https://www.tse-fr.eu/admissions,NOT_FOUND,2026-02-02 PRIOR_CYCLE,https://www.tse-fr.eu/admissions,180,conditional,"International track: TOEFL iBT 95/120, or IELTS 7/9, or Cambridge C1",GRE mandatory for applicants holding a foreign degree (no minimum score set),no,no,Strong mathematics and statistics background expected for the international track,https://www.tse-fr.eu/admissions,yes - APS temporary residence permit available to master's-level graduates,"Entry for a 180-ECTS licence holder is at Master Year 1; TSE states a four-year bachelor is required for direct Year 2 entry. The international (English) track carries an additional EUR 5,500 tuition on top of the EUR 255 national registration fee, and TSE operates a EUR 5,500 fee-waiver scheme.",2026-08-16,medium,NOT_FOUND,NOT_FOUND
A,France,Paris,emlyon business school,private-accredited-by-state,Master in Data Science & Artificial Intelligence Strategy,"Master's Grade degree; validates the DipViGrM Diplome Specialise en Management de l'Innovation, level 7, RNCP 41017 - not a Mastere Specialise",emlyon business school,EN,24,NOT_FOUND,September,13750 year 1 / 24750 year 2 PRIOR_CYCLE,https://em-lyon.com/en/student/master/master-data-science-and-ai-strategy,NOT_FOUND,2026-08-24 PRIOR_CYCLE,https://em-lyon.com/en/student/master/master-data-science-and-ai-strategy,180,yes,"TOEFL, TOEIC, IELTS or Cambridge required; exemption for native speakers or 3+ years of tertiary education in English","GMAT/GRE optional, considered for merit scholarships",no,no,Year 1 entry requires a Licence/Bachelor of 180 ECTS minimum; Year 2 direct entry requires 240 ECTS,https://em-lyon.com/en/student/master/master-data-science-and-ai-strategy,yes - APS temporary residence permit available to master's-level graduates,"Year 1 entry is explicitly open at 180 ECTS, so the applicant enters the 24-month route. Content spans data science, machine learning, big data, cloud, business analytics and AI strategy.",2026-08-16,high,NOT_FOUND,NOT_FOUND
A,France,Lille,IESEG School of Management,private-accredited-by-state,Master in AI & Data Analytics for Business,"State-recognised Grade de Master via the DESMI (Diplome d'Etudes Specialisees en Management International), registered RNCP41034 - not a Mastere Specialise",IESEG School of Management,EN,12,120,September,23300,https://www.ieseg.fr/en/programs/masters-science/msc-big-data/,NOT_FOUND,NOT_FOUND,NOT_FOUND,NOT_FOUND,NOT_FOUND,NOT_FOUND,NOT_FOUND,NOT_FOUND,NOT_FOUND,NOT_FOUND,https://www.ieseg.fr/en/programs/masters-science/msc-big-data/,yes - APS temporary residence permit available to master's-level graduates,"Programme is three terms plus a capstone project, 120 ECTS, delivered in English on the Lille campus. A fast-track (two-term) option is priced at EUR 20,300.",2026-08-16,medium,NOT_FOUND,NOT_FOUND
A,France,Cergy,ESSEC Business School (joint with CentraleSupelec),private-accredited-by-state,Master in Data Sciences & Business Analytics (DSBA),"Master's degree authorised by the French Ministry of Higher Education to award a recognised BAC+5 degree with the grade de master, after CEFDG evaluation - not a Mastere Specialise",ESSEC Business School / CentraleSupelec,EN,24,NOT_FOUND,NOT_FOUND,24500,https://www.essec.edu/en/program/master-data-sciences-business-analytics/,NOT_FOUND,NOT_FOUND,NOT_FOUND,180,conditional,TOEFL iBT 95 or IELTS 6.5; waived after 3+ years of study in an English-taught programme,"GMAT, GRE or TAGE-MAGE mandatory",no,no,NOT_FOUND,https://www.essec.edu/en/program/master-data-sciences-business-analytics/,yes - APS temporary residence permit available to master's-level graduates,Two-year (M1+M2) track is the entry route for holders of a 3-year bachelor; the 1-year track is for candidates already at M1 level. Curriculum in data science and business analytics maps directly onto the applicant's Python/SQL/ML background. NOTE: ESSEC's grade de master authorisation expires 31/08/2027 per the CEFDG register; confirm renewal before relying on this row for a 2027 intake.,2026-08-16,medium,NOT_FOUND,NOT_FOUND
A,France,Lille,EDHEC Business School,private-accredited-by-state,MSc in Data Analytics & Artificial Intelligence,"Master of Science accredited by the French Ministry of Higher Education and Research to confer a recognised BAC+5 degree with the Master's Grade, after CEFDG evaluation - not a Mastere Specialise",EDHEC Business School,EN,18,120,September,28700 PRIOR_CYCLE,https://www.edhec.edu/en/programmes/masters-degree/business-degrees/msc-in-data-analytics-and-artificial-intelligence,NOT_FOUND,2026-06-10 PRIOR_CYCLE,https://www.edhec.edu/en/programmes/masters-degree/business-degrees/msc-in-data-analytics-and-artificial-intelligence,180,yes,TOEFL iBT >=92 / IELTS Academic >=6.5 / TOEFL iTP >=570; waiver for a degree taught in English over at least three years,"GMAT, GRE, TAGE MAGE optional",no,no,Minimum three-year bachelor in any engineering or business/finance background with a good quantitative level,https://www.edhec.edu/en/programmes/masters-degree/business-degrees/msc-in-data-analytics-and-artificial-intelligence,yes - APS temporary residence permit available to master's-level graduates,"Explicitly accepts a minimum three-year bachelor, matching the applicant's 180-ECTS licence. Applications from holders of non-French degrees are rolling from September to the June cut-off.",2026-08-16,medium,NOT_FOUND,NOT_FOUND
A,France,Lille,EDHEC Business School,private-accredited-by-state,MSc in Marketing Analytics,"Master of Science accredited by the French Ministry of Higher Education and Research to confer a recognised BAC+5 degree with the Master's Grade, after CEFDG evaluation - not a Mastere Specialise",EDHEC Business School,EN,18,120,September,28700 PRIOR_CYCLE,https://www.edhec.edu/en/programmes/masters-degree/business-degrees/msc-in-marketing-analytics,NOT_FOUND,2026-06-10 PRIOR_CYCLE,https://www.edhec.edu/en/programmes/masters-degree/business-degrees/msc-in-marketing-analytics,180,yes,TOEFL iBT >=92 / IELTS Academic >=6.5 / TOEFL iTP >=570; waiver for a degree taught in English over at least three years,"GMAT, GRE, TAGE MAGE optional",no,no,Minimum three-year bachelor in any engineering or business/finance background,https://www.edhec.edu/en/programmes/masters-degree/business-degrees/msc-in-marketing-analytics,yes - APS temporary residence permit available to master's-level graduates,"Marketing-analytics variant of the same accredited MSc family; covers data modelling, visualisation, web analytics and machine learning. Same non-French-degree rolling application window.",2026-08-16,medium,NOT_FOUND,NOT_FOUND
A,France,Palaiseau; Jouy-en-Josas,Ecole Polytechnique (Institut Polytechnique de Paris) and HEC Paris,public,Master of Science Data Science & AI for Business (X-HEC),"Master of Science and Technology (MSc&T) - diplome conferant le grade de master, inscrit au RNCP niveau 7 (bac+5), per ONISEP; joint degree Ecole Polytechnique / HEC Paris",Ecole Polytechnique Graduate Degree programmes / HEC Paris,EN,24,140,September,28950 (stated as per year at Ecole Polytechnique; the HEC-year fee is not stated on the same page - CONFIRM),https://programmes.polytechnique.edu/en/master/programs/data-science-for-business-joint-degree-with-hec,NOT_FOUND,NOT_FOUND,NOT_FOUND,NOT_FOUND,NOT_FOUND,NOT_FOUND,GMAT reported (median 710 on HEC's page); confirm whether required,n/a,no,strong foundation in mathematics and economics; highly quantitative,https://www.hec.edu/en/master-s-programs/master-science-data-science-ai-business-x-hec,NOT_FOUND,"Two-year 140-ECTS joint degree with the grade de master, so it satisfies the two-year-post-licence condition of the Tunisian equivalence arrete. Year one is quantitative at Ecole Polytechnique, year two business-facing at HEC.",2026-08-16,medium,NOT_FOUND,NOT_FOUND
A,France,Paris,Universite Paris Dauphine-PSL,public,"Master Systemes d'information, Reseaux et Numerique (M2 parcours Big Data et Digital Economy)","Diplome de grand etablissement conferant le grade de Master, delivered by Universite PSL",Universite Paris Dauphine-PSL,EN/FR,24,120,NOT_FOUND,NOT_FOUND,NOT_FOUND,NOT_FOUND,NOT_FOUND,NOT_FOUND,NOT_FOUND,NOT_FOUND,NOT_FOUND,NOT_FOUND,NOT_FOUND,NOT_FOUND,NOT_FOUND,https://dauphine.psl.eu/formations/masters/systemes-information-reseaux-et-numerique/m2-big-data-et-digital-economy,yes - APS temporary residence permit available to master's-level graduates,"Information-systems master with M2 specialisations in Big Data et Digital Economy and Management & IA, aligning with the applicant's business-intelligence licence. Taught in French and English over four semesters, 120 ECTS.",2026-08-16,medium,NOT_FOUND,NOT_FOUND
A,France,Paris,Universite Paris Dauphine-PSL,public,Master Quantitative Economics - M2 Data-Driven Decisions and Digital Economics (DDDE),Master's degree awarded by Universite Paris Dauphine-PSL (diplome conferant le grade de master),Universite Paris Dauphine-PSL,EN,12,NOT_FOUND,NOT_FOUND,NOT_FOUND,NOT_FOUND,NOT_FOUND,2026-02-23 PRIOR_CYCLE,https://dauphine.psl.eu/en/training/masters-degrees/quantitative-economics/2nd-year-of-masters-degree-data-driven-decisions-and-digital-economics/admissions,240,no,Excellent English proficiency required; specific test scores mandated according to educational background,"Selection by dossier via MyCandidature plus a 20-minute interview, held online for international candidates",no,no,"Background in economics, applied mathematics, computer science or another strongly quantitative programme",https://dauphine.psl.eu/en/training/masters-degrees/quantitative-economics/2nd-year-of-masters-degree-data-driven-decisions-and-digital-economics/admissions,yes - APS temporary residence permit available to master's-level graduates,"Direct M2 entry requires a completed Master Year 1 (60 ECTS postgraduate), so a 180-ECTS licence holder must first complete Dauphine's M1 Quantitative Economics or an equivalent M1. Fully English-taught data-driven decision-making curriculum.",2026-08-16,medium,NOT_FOUND,NOT_FOUND
A,Germany,Cologne,University of Cologne,public,Business Analytics & Econometrics,Master of Science (M.Sc.),"Faculty of Management, Economics and Social Sciences (WiSo)",EN,24,120,October,0 (no tuition fees for any student incl. non-EU; social semester contribution payable),https://uni-koeln.de/en/international/study-in-cologne/costs-financing,NOT_FOUND,2026-06-15 PRIOR_CYCLE,https://uni-koeln.de/en/international/study-in-cologne/international-applications/master-students-prospective,NOT_FOUND,NOT_FOUND,NOT_FOUND,NOT_FOUND,n/a,no,"Bachelor in economics, mathematics/statistics, computer science, physics, information systems or business administration; affinity for mathematics, statistics and digital technologies",https://wiso.uni-koeln.de/en/studies/master/master-business-analytics-econometrics,18-month residence permit to seek employment after graduation (Germany),"Business Analytics track (machine learning in R/Python, data-driven business models) maps onto the applicant's Python/Scikit-learn/SQL profile. Zero tuition for non-EU applicants.",2026-08-16,medium,NOT_FOUND,NOT_FOUND
A,Germany,Muenster,University of Muenster,public,Information Systems,Master of Science (M.Sc.),School of Business and Economics - Department of Information Systems,EN,24,120,October; April,0 (no tuition fees; semester contribution EUR 369.50 in winter semester 2026/27),https://www.uni-muenster.de/studieninteressierte/en/einschreibung/semesterbeitrag.shtml,NOT_FOUND,2026-07-15 PRIOR_CYCLE,https://www.wi.uni-muenster.de/prospective-students/our-courses-study/master-science-information-systems/application-and-admission,NOT_FOUND,NOT_FOUND,C1 CEFR,NOT_FOUND,n/a,no,"At least 72 ECTS in information systems, computer science, quantitative methods or business administration, of which at least 24 ECTS in Managing Digital Business, Business Process Management or Data Science",https://www.wi.uni-muenster.de/prospective-students/our-courses-study/master-science-information-systems,18-month residence permit to seek employment after graduation (Germany),Data Science and Managing Digital Business majors align with a Business Intelligence bachelor. The 72/24 ECTS subject prerequisite must be evidenced from the Esprit transcript.,2026-08-16,medium,NOT_FOUND,NOT_FOUND
A,Germany,Stuttgart,University of Hohenheim,public,Economics with Data Science,Master of Science (M.Sc.),"Faculty of Business, Economics and Social Sciences",EN,24,120,October,"3000 (EUR 1,500 per semester non-EU/EEA tuition, plus EUR 174.50 per semester administrative and student services fees)",https://www.uni-hohenheim.de/en/tuition-fees,NOT_FOUND,2026-01-29 PRIOR_CYCLE,https://dein-studium.uni-hohenheim.de/en/applying-and-enrollment/application-deadlines,180,yes,TOEFL iBT 90 or IELTS 6.0,"GMAT Focus Edition at least 555 including at least 78 in Quantitative Reasoning, or equivalent GRE - required for applicants with a bachelor from outside the EU",n/a,no,"Bachelor in business and economic sciences or a related field, minimum 3 years, final grade 2.5 or better on the German scale",https://www.uni-hohenheim.de/en/economics-masters,18-month residence permit to seek employment after graduation (Germany),Explicitly accepts a 3-year bachelor. The mandatory GMAT Focus for non-EU degree holders is a hard gate and the earliest deadline in the German set (late January).,2026-08-16,high,NOT_FOUND,NOT_FOUND
A,Germany,Berlin,ESMT Berlin,private-accredited-by-state,Master's in Analytics and Artificial Intelligence,Master of Science (M.Sc.),ESMT European School of Management and Technology,EN,24,120,September,"17000 (EUR 34,000 total programme fee; EUR 4,000 discount if admitted and applied by 31 January, EUR 2,000 by 31 March)",https://esmt.berlin/master-programs/master-analytics-artificial-intelligence,NOT_FOUND,2026-06-30 PRIOR_CYCLE,https://esmt.berlin/master-programs/master-analytics-artificial-intelligence/admissions,NOT_FOUND,NOT_FOUND,"TOEFL, IELTS 7.0 or TOEIC 850 - waived if the degree was taught in English",GMAT (below 600 not competitive) or GRE (below 304 not competitive) or ESMT Business Admissions Test; waived where the transcript evidences quantitative study,n/a,no,"Quantitative undergraduate background (engineering, natural sciences, mathematics, statistics or theoretical economics) can substitute for GMAT/GRE",https://esmt.berlin/master-programs/master-analytics-artificial-intelligence,18-month residence permit to seek employment after graduation (Germany),"Bridges business and data science and accepts 0-3 years of work experience, matching a fresh graduate. ESMT does not publish an ECTS floor for the prior degree.",2026-08-16,medium,NOT_FOUND,NOT_FOUND
A,Germany,Frankfurt am Main,Frankfurt School of Finance & Management,private-accredited-by-state,Master of Artificial Intelligence & Data Science,Master of Science (M.Sc.),Frankfurt School of Finance & Management,EN,24,120,September,"17750 (EUR 35,500 total programme fee for 2026 intake, plus EUR 400 enrolment fee and EUR 100 application fee; same fee for EU and non-EU)",https://www.frankfurt-school.de/en/home/programmes/master/data-science,NOT_FOUND,2026-06-30 PRIOR_CYCLE,https://www.frankfurt-school.de/en/home/programmes/master/data-science,180,yes,TOEFL iBT or IELTS 7.0 - waived if the bachelor was taught in English,"GMAT or GRE, or the Frankfurt School Admission Test (BT Methods); admissions interview",n/a,no,Strong quantitative and analytical skills required; bachelor of at least 180 ECTS,https://www.frankfurt-school.de/en/home/programmes/master/data-science,18-month residence permit to seek employment after graduation (Germany),"States a 180-ECTS minimum outright, removing the German 210-ECTS risk. Cost is the highest of the German Track A set and no separate non-EU rate exists.",2026-08-16,high,NOT_FOUND,NOT_FOUND
A,Germany,Oestrich-Winkel / Wiesbaden,EBS Universitat fur Wirtschaft und Recht,private-accredited-by-state,Master in Business Analytics & AI,Master of Science,EBS Business School,EN,24,120,NOT_FOUND,33780 (total for the 4-semester track; 3000 early-enrolment reduction if enrolled by 28 February),https://www.ebs.edu/en/ebs-business-school/study-programmes/master-in-business-analytics,NOT_FOUND,no formal deadline; visa applicants advised to apply by 30 May for an autumn start,NOT_FOUND,180,yes,TOEFL iBT 95 or IELTS 7.0,GMAT / GRE / BAT / EBSgrad / CAT required,n/a,no,NOT_FOUND,https://www.ebs.edu/en/ebs-business-school/study-programmes/master-in-business-analytics,NOT_FOUND,"One of the few German programmes stating an explicit 180-ECTS floor in any field, which removes the DACH region's main obstacle for this applicant. The 60-ECTS accelerated track requires 240 ECTS and is closed.",2026-08-16,high,NOT_FOUND,NOT_FOUND
A,Greece,"Thermi, Thessaloniki",International Hellenic University,public,MSc in e-Business and Digital Marketing,"MSc — Greek state postgraduate degree, HAHE/ETHAAE certified, published in the Government Gazette",School of Science and Technology (UCIPS),EN,18,90,October,"3700 (total for the programme, no EU/non-EU differential published)",https://st.ihu.gr/studies/postgraduate/ebusiness,NOT_FOUND,2026-08-26 PRIOR_CYCLE,https://st.ihu.gr/studies/postgraduate/ebusiness,NOT_FOUND,conditional,State Certificate B2 or equivalent (waived for English-medium degree holders),NOT_FOUND,n/a,no,"Undergraduate degree in Engineering, Science, Informatics, or Economics and Business Administration",https://st.ihu.gr/studies/postgraduate/ebusiness,NOT_FOUND,"Digital business and marketing analytics; fits the BI licence directly. Delivery is hybrid in-person/remote on weekday evenings, which collides with the MESRS in-person-examination criterion.",2026-08-16,high,"Who can apply: ""An undergraduate University degree in Engineering, Science, Informatics, Economics & Business Administration as well as from Technological Educational Institutes in related subject areas, in Greece or a recognized Higher Education Institution from abroad."" Key-facts box: ""An undergraduate degree from an accredited University, preferably in Engineering, Science, Informatics, Economics & Business Administration."" No ECTS floor and no minimum number of years is published. Foreign institutions must be on the DOATAP recognised list, and enrolment requires an authenticated degree (validation via a Greek consulate/embassy, can take 3+ months). Greek first-cycle degrees are normally 4 years / 240 ECTS, but the programme publishes no credit minimum, so 180 ECTS is neither accepted nor excluded in writing.",https://st.ihu.gr/studies/postgraduate/ebusiness
A,Greece,"Thermi, Thessaloniki",International Hellenic University,public,MSc in Data Science,"MSc — Greek state postgraduate degree, HAHE/ETHAAE certified",School of Science and Technology (UCIPS),EN,18,90,October,3700 (total for the programme),https://st.ihu.gr/studies/postgraduate/datascience,NOT_FOUND,2026-08-26 PRIOR_CYCLE,https://st.ihu.gr/studies/postgraduate/datascience,NOT_FOUND,conditional,State Certificate B2 or equivalent,NOT_FOUND,n/a,no,Preferably STEM; other degrees considered with a solid background in statistics/mathematics and knowledge of databases and programming,https://st.ihu.gr/studies/postgraduate/datascience,NOT_FOUND,"General data science rather than business-hosted; included on the same footing as Utrecht Applied Data Science and Tilburg Data Science and Society. Hybrid delivery, same MESRS caveat as the e-Business programme.",2026-08-16,high,"Who can apply: ""An undergraduate degree from a Higher Education Institution in Greece or a recognized Higher Education Institution from abroad. STEM (Science, Technology, Engineering and Mathematics) degrees are deemed to be compatible with the programme. However, other degrees are also considered in case of solid background in statistics/mathematics and good knowledge of fundamental concepts of databases and programming."" No ECTS floor and no minimum duration published. Foreign institution must be DOATAP-recognised; enrolment requires an authenticated degree. Subject-specific expectation (statistics/mathematics, databases, programming) is assessed individually rather than by credit count.",https://st.ihu.gr/studies/postgraduate/datascience
A,Greece,Athens,Athens University of Economics and Business,public,MSc in Marketing Analytics,MSc — Greek state postgraduate degree,Department of Marketing and Communication,EN,15,75,September,"4800 (total, full-time; part-time 5800). No non-EU differential published; figures for September 2026 entry",https://www.dept.aueb.gr/en/marketinganalytics/content/tuition-fees,NOT_FOUND,NOT_FOUND,NOT_FOUND,NOT_FOUND,conditional,C2 for the full-time programme (C1 part-time) — an unusually high bar,NOT_FOUND,n/a,"no for full-time; yes, 2 years, for part-time",Includes a 3-month Analytics Capstone Project,https://www.dept.aueb.gr/en/marketinganalytics,NOT_FOUND,"Exact-title Track A match at a public university already in the dataset for another programme. The C2 English requirement is the binding constraint, not the fee.",2026-08-16,medium,"Admission requirement: ""An undergraduate degree from a formally recognized Greek or foreign University."" Application process adds: ""In case of foreign degrees, applicants must submit a recognition certificate from the National Academic Recognition Information Center"" (DOATAP). No ECTS floor, no minimum years, no subject restriction published. English C2 for full-time / C1 for part-time; part-time also needs 2 years work experience. Whether a 180-ECTS Tunisian licence qualifies turns entirely on the DOATAP/AUEB academic assessment of the foreign title.",https://www.dept.aueb.gr/en/marketinganalytics
A,Greece,Athens,Athens University of Economics and Business,public,MSc in AI and Data Science,MSc — Greek state postgraduate degree,Departments of Informatics and Statistics (joint),EN,NOT_FOUND,NOT_FOUND,NOT_FOUND,"6000 (total; 3000 of assistantships available to full-time students, reducing the effective fee to 3000)",https://www.dept.aueb.gr/en/cs/content/graduate-study-program-master-science-data-science,NOT_FOUND,NOT_FOUND,NOT_FOUND,NOT_FOUND,conditional,NOT_FOUND,NOT_FOUND,n/a,no,NOT_FOUND,https://datascience.aueb.gr/,NOT_FOUND,Informatics and Statistics faculty with no business stream; included on the same general-data-science footing as the Utrecht and Tilburg rows. Assistantships halve the effective cost.,2026-08-16,medium,"The official Admission Requirements page lists required documents only, including ""Copy of all university degrees/diplomas received"" and ""Certificate of equivalence for degrees from foreign Universities, issued by DOATAP/Hellenic NARIC"", plus proof of English at C2, two recommendation letters and CV. No accepted-degree list, no ECTS floor and no minimum years of prior study are published on the page (it defers to the annual Call for Applications). Admission of a 180-ECTS licence therefore depends on the DOATAP/Hellenic NARIC equivalence certificate.",https://datascience.aueb.gr/page.php?id=115
A,Greece,Athens,Athens University of Economics and Business,public,MSc in Business Analytics,"MSc (Greek state postgraduate programme, PMS)",Department of Management Science and Technology,EN,18,NOT_FOUND,NOT_FOUND,7200,https://www.dept.aueb.gr/en/analytics,NOT_FOUND,2026-06-12 PRIOR_CYCLE,https://www.dept.aueb.gr/en/analytics,NOT_FOUND,conditional,Verified advanced or excellent command of English (C1/C2),no,no,no,"curriculum is quantitative (Statistics for Business Analytics I and II, Large Scale Optimization, Python for Analytics and AI, Business Intelligence and Data Engineering)",https://www.dept.aueb.gr/en/analytics,NOT_FOUND,"EUR 7,200 is the total programme fee with no separate non-EU rate published; the full-time route is one year of coursework plus a thesis semester and the department maintains a dedicated international-students section covering student visas and residence permits. Two application rounds closed 17 April and 12 June 2026 PRIOR_CYCLE; requires two recommendation letters and a CV.",2026-08-16,medium,"Applicants' Profile & Requirements: ""All fields will be considered, but management science, business administration, mathematics, physics, statistics, engineering and computer science seem a natural fit for the program""; applicants should have ""basic IT concepts, such as programming and database management"". Requirements are listed as ""Bachelor's degree, Recommendation letters, Curriculum Vitae, Verified advanced or excellent command of the English language (C1/C2 level)"". No ECTS floor or minimum years published. Under Greek law 4957/2022 AUEB itself academically assesses foreign titles against the DOATAP national registries, so a 180-ECTS licence is subject to individual assessment.",https://www.dept.aueb.gr/en/analytics/content/applicants-profile-requirements
A,Hungary,Budapest,Corvinus University of Budapest,private-accredited-by-state,Business Informatics,MSc,Corvinus University of Budapest,EN,24,120,9,7400,https://www.uni-corvinus.hu/post/landing-page/application/fees-and-costs/?lang=en,NOT_FOUND,NOT_FOUND,NOT_FOUND,NOT_FOUND,conditional,No English certificate required for most Corvinus master's programmes; proficiency assessed at the entrance interview,"Written entrance exam (100 minutes) testing analytical and quantitative reasoning, plus oral component",no,no,"Prerequisite credit table applies: 18-24 ECTS required across methodology, economics and business studies categories",https://www.uni-corvinus.hu/post/landing-page/masters/msc-in-business-informatics/?lang=en,NOT_FOUND,Entry is open to business graduates with relevant technical knowledge as well as IS/CS graduates. The 18-24 ECTS prerequisite table is the binding eligibility test rather than total ECTS.,2026-08-16,medium,NOT_FOUND,NOT_FOUND
A,Hungary,Budapest,Corvinus University of Budapest,private-accredited-by-state,Artificial Intelligence in Business,MSc,Corvinus University of Budapest,EN,12,60,9,10800 (5400 EUR per semester),https://www.uni-corvinus.hu/post/landing-page/application/fees-and-costs/?lang=en,NOT_FOUND,NOT_FOUND,NOT_FOUND,NOT_FOUND,conditional,No English certificate required for most Corvinus master's programmes; proficiency assessed at the entrance interview,Written entrance exam plus oral component,no,no,"Prerequisite credit table applies: 18-24 ECTS across methodology, economics and business studies",https://www.uni-corvinus.hu/post/landing-page/masters/msc-in-artificial-intelligence-in-business/?lang=en,NOT_FOUND,"One-year 60-ECTS MSc, which meets the brief's 60-ECTS master's floor. Start date September 2026 stated on the programme page.",2026-08-16,medium,NOT_FOUND,NOT_FOUND
A,Hungary,Budapest,Corvinus University of Budapest,private-accredited-by-state,Social Data Science,MSc,Corvinus University of Budapest,EN,12,60,9,10800 (5400 EUR per semester),https://www.uni-corvinus.hu/post/landing-page/application/fees-and-costs/?lang=en,NOT_FOUND,NOT_FOUND,NOT_FOUND,NOT_FOUND,conditional,No English certificate required for most Corvinus master's programmes; proficiency assessed at the entrance interview,Written entrance exam plus oral component,no,no,"Core courses include applied network science, causal inference and machine learning; prerequisite credit table applies",https://www.uni-corvinus.hu/post/landing-page/masters/msc-in-social-data-science/?lang=en,NOT_FOUND,"Applied machine-learning and statistics content maps onto the applicant's scikit-learn and Python base, though the framing is social rather than commercial analytics.",2026-08-16,medium,NOT_FOUND,NOT_FOUND
A,Iceland,Reykjavik,Reykjavik University,private,Digital Management and Data Analysis,"Master of Science (MSc), 90 ECTS",Department of Business and Economics,EN,14,90,autumn,NOT_FOUND,NOT_FOUND,NOT_FOUND,2027-01-31,https://www.ru.is/en/namid/um-namid/saekja-um,180,conditional,"TOEFL 577 paper-based or 91 internet-based, IELTS 6.5, or Cambridge Certificate at B2",Non-refundable processing fee ISK 16000 for non-EU/EEA/EFTA applicants,n/a,preferred,"Bachelor in business administration, computer science or related studies; knowledge of digital technology and/or work experience in programming, software evaluation, database management or IT strategy",https://www.ru.is/en/departments/dbe/stafraen-stjornun-og-gagnagreining,NOT_FOUND,"90-ECTS MSc taught in English over three terms, run jointly with computer science and engineering. Tuition rates are published only in PDF fee schedules that could not be read.",2026-08-16,low,NOT_FOUND,NOT_FOUND
A,Ireland,Dublin,Dublin Business School,private,Master of Science (MSc) in Business Analytics,"MSc, NFQ Level 9 (QQI-accredited private college)",Dublin Business School,EN,12,90,NOT_FOUND,15575,https://www.dbs.ie/docs/default-source/fee-sheets/dbs-fees-international.pdf,NOT_FOUND,NOT_FOUND,NOT_FOUND,NOT_FOUND,conditional,NOT_FOUND,NOT_FOUND,no,NOT_FOUND,NOT_FOUND,https://www.dbs.ie/course/postgraduate/master-of-science-(msc)-in-business-analytics,"Stamp 1G Third Level Graduate Programme: NFQ Level 9 graduates get 12 months, renewable for a further 12 (24 months max) - https://www.irishimmigration.ie/my-situation-has-changed-since-i-arrived-in-ireland/third-level-graduate-programme/","Private college; DBS degree programmes are accredited by Quality and Qualifications Ireland and the fee sheet lists this award under Masters Postgraduate Degrees - Level 9. Non-EU fee EUR 15,575 for 2026/2027; entry requirements and deadlines could not be read from the DBS site.",2026-08-16,low,"""Level 8 honours degree with a minimum 2.2 in a relevant area. Cognate areas include business, IT, finance, economics, mathematics, statistics and related fields."" FAQ adds: ""Applicants normally need a Level 8 honours bachelor's degree with a minimum 2.2 in a relevant area. Non-cognate applicants may be considered with three to five years' business analytics experience."" No credit figure given; states ""Level 8 honours degree or equivalent""; Irish Level 8 is normally 240 ECTS, so a 180-ECTS licence requires individual equivalency assessment. Business Intelligence is a cognate area, so the subject fit is satisfied.",https://www.dbs.ie/course/postgraduate/master-of-science-(msc)-in-business-analytics
A,Ireland,Maynooth,Maynooth University,public,MSc BUSINESS ANALYTICS (MH48D),"MSc, NFQ Level 9 Taught Masters",School of Business,EN,12,NOT_FOUND,September; January,18000,https://www.maynoothuniversity.ie/student-fees-grants/postgraduate/postgraduate-fees-list,NOT_FOUND,2026-08-14 PRIOR_CYCLE,https://www.maynoothuniversity.ie/study-maynooth/postgraduate-studies/courses/msc-business-analytics,NOT_FOUND,conditional,Maynooth English language requirements; criteria may differ for non-EU applicants,no,no,no,yes - degree must include quantitative techniques including the ability to undertake statistical analysis of data,https://www.maynoothuniversity.ie/study-maynooth/postgraduate-studies/courses/msc-business-analytics,"Stamp 1G Third Level Graduate Programme: NFQ Level 9 graduates get 12 months, renewable for a further 12 (24 months max) - https://www.irishimmigration.ie/my-situation-has-changed-since-i-arrived-in-ireland/third-level-graduate-programme/","Lowest non-EU fee among the Irish public-university Track A options at EUR 18,000 for 2026/27, and entry is a 2:2 rather than a 2:1. A preparatory Autumn School in business, maths/statistics and programming runs before the September start.",2026-08-16,high,"""Applicants must hold a minimum of a bachelor's degree (NFQ Level 8) (or equivalent) with a minimum of a second-class honours, grade 2 (2:2) in a discipline which includes quantitative techniques as part of the degree (including the ability to undertake statistical analysis of data). Examples of such degrees include business studies, management science, economics, finance, accounting, engineering, mathematics, physics, computer science and other sciences."" RPL route exists for applicants without a primary degree who have 10+ years relevant experience. No credit figure given; states ""Level 8 honours degree or equivalent""; Irish Level 8 is normally 240 ECTS, so a 180-ECTS licence requires individual equivalency assessment.",https://www.maynoothuniversity.ie/study-maynooth/postgraduate-studies/courses/msc-business-analytics
A,Ireland,Limerick,University of Limerick,public,Business Analytics - MSc,"MSc, NFQ Level 9 Major",Kemmy Business School,EN,12,NOT_FOUND,September,20400,https://www.ul.ie/study/postgraduate/business-analytics-msc,NOT_FOUND,NOT_FOUND,NOT_FOUND,NOT_FOUND,conditional,English Language Competency certificate required (band not stated on programme page),no,no,no,"no explicit quantitative module requirement stated; relevant disciplines listed are business, finance, economics, mathematics, engineering, computer science",https://www.ul.ie/study/postgraduate/business-analytics-msc,"Stamp 1G Third Level Graduate Programme: NFQ Level 9 graduates get 12 months, renewable for a further 12 (24 months max) - https://www.irishimmigration.ie/my-situation-has-changed-since-i-arrived-in-ireland/third-level-graduate-programme/","Entry is a 2.2 honours bachelor at NFQ Level 8 and UL operates a Recognition of Prior Learning route. Non-EU fee EUR 20,400 per year as published on the course page.",2026-08-16,medium,"""Applicants should hold a bachelor's degree (NFQ Level 8) with at least a second-class honours, grade 2 (2:2) in a relevant discipline e.g. business, finance, economics mathematics, engineering, computer science, etc."" UL's general postgraduate rule is a ""first or second class Level 8 honours degree (NFQ or other internationally recognised equivalents) in a relevant or appropriate subject"". No credit figure given; states ""Level 8 honours degree or equivalent""; Irish Level 8 is normally 240 ECTS, so a 180-ECTS licence requires individual equivalency assessment. NOTE: UL publishes a country-by-country international entry table but it contains NO Tunisia row (nearest North African entry is Libya); for several countries that table does demand a four-year degree and for China explicitly states ""We do not accept three-year degrees"", so a Tunisian 180-ECTS licence must be individually assessed.",https://www.ul.ie/study/postgraduate/business-analytics-msc/entry-requirements
A,Ireland,Galway,University of Galway,public,Business Analytics (MSc),"MSc, NFQ Level 9",J.E. Cairnes School of Business & Economics,EN,12,90,September,21640,https://www.universityofgalway.ie/student-fees/how-much/postgraduate-fees/,NOT_FOUND,rolling - no fixed closing date published,https://www.universityofgalway.ie/courses/taught-postgraduate-courses/business-analytics.html,NOT_FOUND,conditional,IELTS 6.5 overall with no band below 6.0 or equivalent,no,no,no,yes - qualification must include an element of quantitative techniques,https://www.universityofgalway.ie/courses/taught-postgraduate-courses/business-analytics.html,"Stamp 1G Third Level Graduate Programme: NFQ Level 9 graduates get 12 months, renewable for a further 12 (24 months max) - https://www.irishimmigration.ie/my-situation-has-changed-since-i-arrived-in-ireland/third-level-graduate-programme/","Entry standard is an H2.1 NFQ Level 8 degree; an H2.2 is considered with two or more years of relevant work experience. Fee of EUR 21,640 is the 2026/27 international rate including levies.",2026-08-16,high,"""Normally a H2.1 degree (NFQ Level 8 or equivalent). However, candidates with a H2.2 honours degree and who have a minimum of 2 years relevant work experience will also be considered."" Subject requirement: ""The qualification must include an element of quantitative techniques, for example, graduates of Business Studies, Engineering, Computer Science, other Sciences, Mathematics or other courses that have some quantitative content."" No credit figure given; states ""Level 8 honours degree or equivalent""; Irish Level 8 is normally 240 ECTS, so a 180-ECTS licence requires individual equivalency assessment.",https://www.universityofgalway.ie/courses/taught-postgraduate-courses/business-analytics.html
A,Ireland,Cork,University College Cork,public,MSc Business Analytics (CKL51),"MSc, NFQ Level 9",Cork University Business School,EN,12,90,September,22300,https://www.ucc.ie/en/ckl51/,NOT_FOUND,2026-06-15 PRIOR_CYCLE,https://www.ucc.ie/en/ckl51/,NOT_FOUND,conditional,University-approved English language requirements (band not stated on programme page),no,no,no,"yes - degree must include at least one quantitative module (Finance, Mathematics, Statistics, Economics, Engineering, Computer Science or Sciences)",https://www.ucc.ie/en/ckl51/,"Stamp 1G Third Level Graduate Programme: NFQ Level 9 graduates get 12 months, renewable for a further 12 (24 months max) - https://www.irishimmigration.ie/my-situation-has-changed-since-i-arrived-in-ireland/third-level-graduate-programme/",Entry is a 2.2 honours primary degree (NFQ Level 8); applicants below that can be considered under Recognition of Prior Learning with three years of industry experience. Non-EU applications close 15 June or when full.,2026-08-16,high,"""Applicants must have a Second Class Honours Grade 2 in a primary honours degree (NFQ, Level 8). The qualification must include one module in a quantitative area, for example, Finance, Mathematics, Statistics, Economics, Engineering, Computer Science, or other Sciences."" RPL considered for applicants with 3 years professional industry experience. No credit figure given; states ""Level 8 honours degree or equivalent""; Irish Level 8 is normally 240 ECTS, so a 180-ECTS licence requires individual equivalency assessment. NOTE: UCC publishes per-country postgraduate comparison tables (Africa/Middle East/India section) but Tunisia is NOT listed among them.",https://www.ucc.ie/en/ckl51/
A,Ireland,Dublin,Dublin City University,public,MSc in Business Analytics and Artificial Intelligence,"MSc, NFQ Level 9",DCU Business School,EN,12,NOT_FOUND,September; January,23000,https://business.dcu.ie/course/msc-in-business-analytics/,NOT_FOUND,2026-07-01 PRIOR_CYCLE,https://business.dcu.ie/course/msc-in-business-analytics/,NOT_FOUND,conditional,DCU standard English requirements (band not stated on programme page),no,no,no,"yes - 2.1 honours in Business, Economics, Mathematics, Engineering or Computer Science (2.2 in exceptional circumstances)",https://business.dcu.ie/course/msc-in-business-analytics/,"Stamp 1G Third Level Graduate Programme: NFQ Level 9 graduates get 12 months, renewable for a further 12 (24 months max) - https://www.irishimmigration.ie/my-situation-has-changed-since-i-arrived-in-ireland/third-level-graduate-programme/",January intake gives a second entry point if a September start is missed. Fee and 1 July deadline are the 2026/27 figures PRIOR_CYCLE.,2026-08-16,high,"""An NFQ Level 8 2.1 Honours degree (or higher) in a relevant discipline, such as Business, Economics, Mathematics, Engineering, Computer Science, or a related field, or an equivalent international qualification."" Plus: ""Applications from candidates with a 2.2 may be considered in exceptional circumstances... reviewed on a case-by-case basis."" No credit figure given; states ""Level 8 honours degree or equivalent""; Irish Level 8 is normally 240 ECTS, so a 180-ECTS licence requires individual equivalency assessment.",https://business.dcu.ie/course/msc-in-business-analytics/
A,Ireland,Dublin,Trinity College Dublin,public,Business Analytics and AI for Management (M.Sc.),"MSc, NFQ Level 9",Trinity Business School,EN,12,90,September,24600,https://www.tcd.ie/business/programmes/masters-programmes/msc-in-business-analytics-and-ai-for-management/fees/,NOT_FOUND,2026-05-31 PRIOR_CYCLE,https://www.tcd.ie/courses/postgraduate/courses/business-analytics-and-ai-for-management-msc/,NOT_FOUND,conditional,Band B (Standard Entry) - see Trinity English language requirements,no,no,no,"yes - 2.1 honours degree in a quantitative subject (Economics, Engineering, Mathematics, Computer Science or Business); prior coding not required",https://www.tcd.ie/courses/postgraduate/courses/business-analytics-and-ai-for-management-msc/,"Stamp 1G Third Level Graduate Programme: NFQ Level 9 graduates get 12 months, renewable for a further 12 (24 months max) - https://www.irishimmigration.ie/my-situation-has-changed-since-i-arrived-in-ireland/third-level-graduate-programme/","Non-EU fee published for 2027/28 (EUR 24,600), the likely target cycle. Requires a 2.1 honours degree, so the applicant's mention/GPA is the decisive unverified variable.",2026-08-16,high,"""Applicants typically have a strong academic background, normally a minimum 2.1 honours degree or international equivalent, in a quantitative subject such as Economics, Engineering, Mathematics, Computer Science or Business."" Trinity's general postgraduate rule: applicants must ""hold at least a 2.1 honors degree from an Irish university or equivalent result from a university in another country."" No credit figure given; states ""Level 8 honours degree or equivalent""; Irish Level 8 is normally 240 ECTS, so a 180-ECTS licence requires individual equivalency assessment. NOTE: Trinity DOES publish a dedicated Tunisia country page (https://www.tcd.ie/study/country/tunisia/) but it repeats only the generic ""2.1 honours degree or equivalent"" line for postgraduate entry and maps no Tunisian qualification (Licence/Maitrise) to it; it refers Tunisian applicants to a named regional manager for credential assessment.",https://www.tcd.ie/courses/postgraduate/courses/business-analytics-and-ai-for-management-msc/
A,Ireland,Dublin,University College Dublin,public,Business Analytics (MSc) FT - B154,"MSc, NFQ Level 9 (Irish National Framework of Qualifications)",UCD Michael Smurfit Graduate Business School,EN,12,90,September,26180,https://www.ucd.ie/courses/b154,NOT_FOUND,NOT_FOUND,NOT_FOUND,NOT_FOUND,conditional,NOT_FOUND,GMAT or GRE may be requested at the Director's discretion,no,no,yes - degree must include quantitative techniques; MIS/maths background required for business graduates,https://www.ucd.ie/courses/b154,"Stamp 1G Third Level Graduate Programme: NFQ Level 9 graduates get 12 months, renewable for a further 12 (24 months max) - https://www.irishimmigration.ie/my-situation-has-changed-since-i-arrived-in-ireland/third-level-graduate-programme/","Curriculum (Programming for Analytics, Statistical Methods, Business Decision Support Systems) maps directly onto the applicant's Python/SQL/Power BI and decision-support background. Fee shown is the September 2026 entry figure PRIOR_CYCLE; two academic reference forms required.",2026-08-16,high,"""A minimum second class honours primary degree (or equivalent) which includes quantitative techniques. For example graduates of Engineering, Computer Science, other Sciences. For Business studies background students, applicants need to have a background in MIS-Management Information Systems subjects, Maths or other quantitative courses. A student may be asked to undertake the GMAT or GRE at the Director's discretion."" RPL may be awarded for admission and/or credit exemptions. No credit figure given; states ""Level 8 honours degree or equivalent""; Irish Level 8 is normally 240 ECTS, so a 180-ECTS licence requires individual equivalency assessment. NOTE: UCD publishes a Tunisia country page but it covers UNDERGRADUATE entry only (Baccalaureat-based) and gives no postgraduate mapping. On that same UCD Tunisia page UCD itself glosses NFQ Level 8 as ""a 4-year Bachelor degree (NFQ Level 8)"" - UCD's own confirmation that Irish Level 8 means four years / 240 ECTS.",https://www.ucd.ie/courses/b154
A,Italy,Venice,Universita Ca' Foscari Venezia,public,Data Analytics for Business and Society,"Laurea Magistrale (second cycle degree), 120 CFU","Department of Economics / Department of Environmental Sciences, Informatics and Statistics",EN,24,120,NOT_FOUND,1300 PRIOR_CYCLE,https://www.unive.it/pag/50473/,NOT_FOUND,2026-09-30 PRIOR_CYCLE,https://www.unive.it/pag/40813/,180,yes,B2 English,NOT_FOUND,n/a,no,"Minimum 60 CFU across the listed academic fields, including at least 12 CFU in Economics and Business fields and at least 12 CFU in the Statistical-Mathematical field",https://www.unive.it/web/en/12709/home,NOT_FOUND,"Non-EU flat fee of 1300 EUR replaces the ISEE calculation entirely, so no ISEE-parificato is needed; Tunisia falls in the general non-EU bracket, not the Low Human Development bracket. The recorded date is the Universitaly pre-enrolment deadline for a.y. 2026/27, which precedes the university's own pre-evaluation deadline.",2026-08-16,medium,NOT_FOUND,NOT_FOUND
A,Italy,Trento,Universita degli Studi di Trento,public,Master of Science in Data Science,"Laurea Magistrale, 120 CFU",Department of Information Engineering and Computer Science,EN,24,120,NOT_FOUND,4500 PRIOR_CYCLE,https://www.unitn.it/en/study/fees-scholarships-accommodation/tuition-fees/non-eu-citizens/masters-degrees-english,NOT_FOUND,2026-03-04 PRIOR_CYCLE,https://corsi.unitn.it/en/data-science/enrollment/admission-non-europeans,180,yes,B2 English (CEFR),Selection on academic curriculum and merit; application fee 30 EUR,n/a,no,"6 ECTS in computer science or computer engineering, 6 ECTS in social sciences, economics, psychology or law, 6 ECTS in mathematics or statistics, plus 24 further ECTS in these or related disciplines; missing credits may be completed before enrolment",https://corsi.unitn.it/en/data-science,NOT_FOUND,"Figure recorded is the highest first-year band for Group A programmes for non-EU citizens; the fee falls to zero for applicants scoring 90/100 or more at admission, and 81 places are reserved for non-EU nationals living abroad. Business and economics is one of the programme's declared domain specialisations, which is what places it in Track A.",2026-08-16,medium,NOT_FOUND,NOT_FOUND
A,Italy,Milan,Universita Cattolica del Sacro Cuore,private-accredited-by-state,Data Analytics for Business,"Laurea Magistrale in Data Analytics for Business, degree class LM-82 R, 120 CFU","Faculty of Economics and Faculty of Mathematical, Physical and Natural Sciences",EN,24,120,NOT_FOUND,9370 PRIOR_CYCLE,https://international.unicatt.it/ucscinternational-admission-and-tuition-tuition-fees-and-scholarships-9379,NOT_FOUND,NOT_FOUND,https://international.unicatt.it/ucscinternational-2-year-graduate-degrees-data-analytics-for-business,180,NOT_FOUND,NOT_FOUND,Evaluation test of English language proficiency,n/a,no,NOT_FOUND,https://www.unicatt.it/corsi/magistrale/data-analytics-for-business-milano.html,NOT_FOUND,"Fee shown is the fixed 2026/27 amount for students whose family income is produced outside the EU, reducible to about 6400 EUR with the UCSC International Scholarship. Applications for a.y. 2027/2028 reopen in autumn 2026; curricular requirements are published only inside the downloadable admission-procedure PDF.",2026-08-16,medium,NOT_FOUND,NOT_FOUND
A,Italy,Rome,Luiss Guido Carli,private-accredited-by-state,Master's Degree Programme in Data Science and Management,"Laurea Magistrale, degree class LM-91, 120 CFU",Luiss Department of Business and Management,EN,24,120,NOT_FOUND,15000,https://www.luiss.it/en/admissions/programs-offered/masters-degree/data-science-and-management,NOT_FOUND,NOT_FOUND,https://www.luiss.it/en/orientation-and-admissions/admission-procedures/masters-degree-admissions,180,yes,"B2 English, assessed during the admission test",Luiss admission test,n/a,no,"Direct curricular access for Italian first-cycle classes L-8/L-31/L-33/L-35/L-41; otherwise at least 48 CFU across the listed areas, of which at least 24 CFU in ECON-01/A, ECON-06/A, ECON-07/A, ECON-08/A, STAT-01/A, INFO-01/A, IINF-01/A (a.y. 2027/2028 requirements)",https://www.luiss.it/en/admissions/programs-offered/masters-degree/data-science-and-management,NOT_FOUND,A Business Intelligence licence is likely to satisfy the 24-CFU quantitative/IT core but this must be checked credit by credit against the published SSD list. Admission notices and the full calendar for a.y. 2027/2028 are published only from November 2026.,2026-08-16,high,NOT_FOUND,NOT_FOUND
A,Italy,Milan,Universita Commerciale Luigi Bocconi,private-accredited-by-state,MSc in Data Science and Business Analytics,"Laurea Magistrale / Master of Science, 120 CFU",Bocconi Master of Science programmes,EN,24,120,NOT_FOUND,18550 PRIOR_CYCLE,https://www.unibocconi.it/en/applying-bocconi/master-science-and-ma-programs/fees,NOT_FOUND,2027-04-29,https://www.unibocconi.it/en/applying-bocconi/master-science-and-ma-programs/timeline,180,yes,English certificate not required for selection but must be provided by the enrolment deadline and in any case by end of June 2027,"GMAT or GRE score, or the online Bocconi admission test",no,no,"No published minimum CFU per disciplinary sector; programme states it is designed for applicants with a strong computational, statistical and mathematical background",https://www.unibocconi.it/en/programs/master-science/data-science-and-business-analytics,NOT_FOUND,"180-ECTS licence satisfies the first-cycle requirement and the quantitative profile (Python, scikit-learn, SQL) matches the stated computational orientation. Fee is a single flat amount not linked to ISEE and identical for EU and non-EU applicants; the 2027-28 fee was not yet published.",2026-08-16,medium,NOT_FOUND,NOT_FOUND
A,Italy,Bologna,Alma Mater Studiorum - Universita di Bologna,public,"Statistics, Economics and Business - curriculum Business Analytics","Laurea Magistrale (second cycle degree / two year master), 120 CFU",Department of Statistical Sciences Paolo Fortunati,EN,24,120,NOT_FOUND,1357.04 PRIOR_CYCLE,https://www.unibo.it/en/study/enrolment-fees-and-other-procedures/degree-programmes/tuition-fees-and-exemptions/reduced-fixed-fee-for-citizens-of-particularly-poor-and-developing-countries-or-non-eu-non-oecd-countries,NOT_FOUND,2026-05-11 PRIOR_CYCLE,https://corsi.unibo.it/2cycle/BusinessAnalytics/how-to-enrol,180,yes,"B2 English (OOPT test at the Bologna University Language Centre, or a first/second cycle degree taught in English, or a B2 English exam in a previous degree)",Remote interview via MS Teams; adequacy threshold 60/100,n/a,no,"At least 22 CFU in total: minimum 16 CFU in probability and statistics (SECS-S/01, 02, 03, 05; MAT/06) or mathematics (SECS-S/06; MAT/02, 03, 05, 07, 08, 09), of which at least 8 CFU in probability and statistics; plus at least 6 CFU in economics (SECS-P/01, 02, 03, 05, 06) or business economics and management (SECS-P/07, 08, 09)",https://corsi.unibo.it/2cycle/BusinessAnalytics,NOT_FOUND,"Fee recorded is the reduced fixed contribution for non-EU non-OECD citizens with income and assets only outside Italy (1200 EUR plus the 157.04 EUR fixed fee), which requires checking Tunisia against the published non-OECD list. The 22-CFU curricular threshold is the binding filter for a Business Intelligence licence.",2026-08-16,high,NOT_FOUND,NOT_FOUND
A,Italy,Milan,Politecnico di Milano,public,Management Engineering,"Laurea Magistrale (equivalent to Master of Science), 120 CFU",School of Industrial and Information Engineering,EN,24,120,September; February,3943.04 PRIOR_CYCLE,https://www.polimi.it/en/prospective-students/how-much-does-it-cost/laurea-laurea-magistrale-and-single-cycle-programmes,NOT_FOUND,2026-02-26 PRIOR_CYCLE,https://www.polimi.it/en/prospective-students/how-to-apply/admission-to-laurea-magistrale/foreign-qualification/deadlines,180,yes,"Certified English proficiency mandatory for admission: IELTS 6.0, TOEFL iBT 78, Cambridge B2 First or C1 Advanced, PTE Academic 59, Trinity ISE II, LanguageCert ESOL B2, TOEIC 720",None published,no,no,Valid first-cycle degree with adequate academic background assessed by the Evaluation Committee; no published minimum CFU per disciplinary sector for foreign qualifications,https://www.polimi.it/en/education/laurea-magistrale-programmes/programme-detail/management-engineering,NOT_FOUND,"Non-EU students with a foreign first-level qualification and no ISEE are charged the maximum amount, so the figure recorded is the effective non-EU fee. Italian language is an OFA graduation obligation, not an admission requirement.",2026-08-16,high,NOT_FOUND,NOT_FOUND
A,Italy,Milan,Universita degli Studi di Milano,public,Data Science for Economics and Health,"Laurea Magistrale, degree class LM-DATA, 120 CFU","Department of Computer Science Giovanni degli Antoni and Department of Economics, Management and Quantitative Methods",EN,24,120,NOT_FOUND,4291.12 PRIOR_CYCLE,https://www.unimi.it/en/study/bachelor-and-master-study/fees-and-how-pay-them/fees-2026/2027,NOT_FOUND,2026-04-30 PRIOR_CYCLE,https://www.unimi.it/en/education/master-programme/data-science-economics-and-health,180,yes,B2 English or higher (CEFR),Written online admission test in English; interview may be required,n/a,no,"At least 30 ECTS in computer science and mathematics (MAT-01 to MAT-09, INF-01, ING-INF/05), or in economic sciences and statistics (SECS-S/01, 02, 03, 06; SECS-P/01, 02, 03, 05, 07, 08, 10), or in medical sciences (MED/01)",https://www.unimi.it/en/education/master-programme/data-science-economics-and-health,NOT_FOUND,"Fee recorded is the fixed second instalment for Group C (household income produced abroad) plus the 190 EUR first instalment, so it does not depend on ISEE. The 30-ECTS quantitative threshold is plausibly met by a Business Intelligence licence but must be verified per exam.",2026-08-16,medium,NOT_FOUND,NOT_FOUND
A,Liechtenstein,Vaduz,University of Liechtenstein,public,MSc Information Systems,Master of Science (MSc),University of Liechtenstein,EN,24,120,September; February,"2675 (CHF 1,250 per semester for non-EU/EEA and non-Swiss nationals, CHF 2,500 per year; EU/EEA rate CHF 950 per semester)",https://www.uni.li/en/studies/application-and-admission,NOT_FOUND,2027-03-31 (31 March for the winter semester for applicants requiring a visa; 30 September for the summer semester),https://www.uni.li/en/studies/application-and-admission,NOT_FOUND,NOT_FOUND,B2 CEFR,NOT_FOUND,n/a,no,"Relevant completed bachelor's degree; majors available in Artificial Intelligence, Business Process Management, Data and Application Security and Digital Innovation",https://www.uni.li/en/studies/study-programmes/msc-information-systems,NOT_FOUND,The Artificial Intelligence and Business Process Management majors are the analytics-facing route; Information Systems is one of only two programmes with a summer intake. Non-EU applicants are admitted but pay the higher fee band.,2026-08-16,medium,NOT_FOUND,NOT_FOUND
A,Lithuania,Vilnius,Vilnius University,public,Strategic Management of Information Systems,Master's degree,Faculty of Economics and Business Administration,EN,24,NOT_FOUND,9,5460,https://www.vu.lt/en/studies/master-studies/strategic-management-of-information-systems,NOT_FOUND,2026-05-01,https://www.vu.lt/en/studies/master-studies/strategic-management-of-information-systems,180,conditional,"IELTS Academic 6.5, TOEFL iBT 81, Cambridge 176, PTE 59 or equivalent B2; waived for degrees taught in English",Two references and a motivation letter required,no,preferred,"Minimum 20 ECTS in microeconomics, macroeconomics or econometrics, or at least three years of verified professional experience; overall grade average at least 60 percent",https://www.vu.lt/en/studies/master-studies/strategic-management-of-information-systems,NOT_FOUND,Business-faculty information-systems master. The 20-ECTS economics prerequisite is the decisive eligibility question for an Esprit Business Intelligence licence.,2026-08-16,high,NOT_FOUND,NOT_FOUND
A,Lithuania,Vilnius,Vilnius University,public,Digital Marketing,Master's degree,Vilnius University Business School,EN,24,NOT_FOUND,9,6550,https://www.vu.lt/en/studies/master-studies/digital-marketing,NOT_FOUND,2026-05-01,https://www.vu.lt/en/studies/master-studies/digital-marketing,180,conditional,"IELTS Academic 6.5, TOEFL iBT 81, Cambridge 176, PTE 59 or equivalent B2; waived for degrees taught in English",Video-format motivation assessment and possible remote interview,no,no,Minimum 20 ECTS in Business/Public Management or Economics and an overall grade average of at least 70 percent,https://www.vu.lt/en/studies/master-studies/digital-marketing,NOT_FOUND,"Includes Web and Social Media Analytics. Two hard filters for this applicant: at least 20 ECTS in business/economics from the licence, and a gap of no more than five years since the bachelor for non-EU applicants.",2026-08-16,high,NOT_FOUND,NOT_FOUND
A,Malta,Msida,University of Malta,public,Master of Science in Strategic Management and Digital Marketing,"M.Sc., MQF/EQF Level 7","Faculty of Economics, Management and Accountancy",EN,18,90,October,10800,https://www.um.edu.mt/courses/overview/pmscsmndmkftt8-2026-7-o/,NOT_FOUND,NOT_FOUND,NOT_FOUND,180,conditional,University of Malta English language requirements for international applicants,no,no,no,no explicit quantitative prerequisite; programme contains Digital Analytics for Marketing Management and Data Analytics and Insight Communication units,https://www.um.edu.mt/courses/overview/pmscsmndmkftt8-2026-7-o/,NOT_FOUND,"Closest Maltese match to Track A: a management/marketing masters with two dedicated analytics study-units rather than a business-analytics degree. Non-EU tuition is EUR 10,800 in year 1 with no fee in year 2; entry is a first-cycle degree with Second Class Honours or Category II equivalent.",2026-08-16,medium,NOT_FOUND,NOT_FOUND
A,Moldova,Chisinau,Technical University of Moldova,public,"Master's degree, Data Science",Master,NOT_FOUND,EN,24,120,NOT_FOUND,"3000 (stated for 2026-2027; admission fee 100. Excludes legalisation, residence permit and medical insurance)",https://international.utm.md/tuition-fees/,NOT_FOUND,NOT_FOUND,NOT_FOUND,NOT_FOUND,conditional,NOT_FOUND,NOT_FOUND,n/a,no,NOT_FOUND,https://international.utm.md/tuition-fees/,NOT_FOUND,"Satisfies the MESRS two-year/120-ECTS reading at 3000 EUR a year, among the cheapest qualifying programmes anywhere in the dataset. ANACEC programme-level accreditation was not opened and should be confirmed.",2026-08-16,medium,NOT_FOUND,NOT_FOUND
A,Netherlands,Tilburg,Tilburg University,public,MSc Marketing Analytics,"Master of Science (MSc) - Dutch state-recognised master, RIO/CROHO code 60064",Tilburg School of Economics and Management (TiSEM),EN,12,60,"August,January",20500 (2027/28 non-EEA institutional fee),https://www.tilburguniversity.edu/sites/default/files/download/Instellingstarieven%20voor%20masteropleidingen%202026-2027.pdf,"12000-14400 (university figure: EUR 1,000-1,200 per month)",2027-04-01,https://www.tilburguniversity.edu/education/masters-programs/marketing-analytics/application,NOT_FOUND,NOT_FOUND,IELTS Academic 6.5 overall with min 6.0 Writing and Speaking; TOEFL iBT 90 overall with 22 Writing / 21 Speaking (reports issued before 21 Jan 2026),NOT_FOUND,n/a,no,NOT_FOUND,https://www.tilburguniversity.edu/education/masters-programs/marketing-analytics,"yes - orientation year (zoekjaar) permit, 1 year, free labour-market access; source https://ind.nl/en/residence-permits/work/residence-permit-for-orientation-year",Marketing-side analytics master with coding-heavy curriculum; matches applicant's Python/SQL/Power BI profile. Non-EEA deadline is 1 April for the end-of-August start.,2026-08-16,high,NOT_FOUND,NOT_FOUND
A,Netherlands,Tilburg,Tilburg University,public,MSc Business Analytics and Operations Research,"Master of Science (MSc) - Dutch state-recognised master, RIO/CROHO code 60057",Tilburg School of Economics and Management (TiSEM),EN,12,60,"August,January",20500 (2027/28 non-EEA institutional fee),https://www.tilburguniversity.edu/sites/default/files/download/Instellingstarieven%20voor%20masteropleidingen%202026-2027.pdf,"12000-14400 (university figure: EUR 1,000-1,200 per month)",2027-04-01,https://www.tilburguniversity.edu/education/masters-programs/business-analytics-and-operations-research/application,NOT_FOUND,NOT_FOUND,NOT_FOUND,NOT_FOUND,n/a,no,NOT_FOUND,https://www.tilburguniversity.edu/education/masters-programs/business-analytics-and-operations-research,"yes - orientation year (zoekjaar) permit, 1 year, free labour-market access; source https://ind.nl/en/residence-permits/work/residence-permit-for-orientation-year",Quantitative analytics/OR master inside the business school. Heavier mathematics load than the applicant's Business Intelligence licence may cover.,2026-08-16,high,NOT_FOUND,NOT_FOUND
A,Netherlands,Maastricht,Maastricht University,public,MSc Business Intelligence and Smart Services,Master of Science (MSc),School of Business and Economics (campus Venlo),EN,12,NOT_FOUND,September,21500 (2026/27 institutional fee) PRIOR_CYCLE,https://www.maastrichtuniversity.nl/file/overzicht-instellingstarieven-bachelors-en-masters-2026-270pdf,NOT_FOUND,2027-05-01,https://www.maastrichtuniversity.nl/education/master/programmes/business-intelligence-and-smart-services,NOT_FOUND,NOT_FOUND,NOT_FOUND,NOT_FOUND,n/a,no,NOT_FOUND,https://www.maastrichtuniversity.nl/education/master/programmes/business-intelligence-and-smart-services,"yes - orientation year (zoekjaar) permit, 1 year, free labour-market access; source https://ind.nl/en/residence-permits/work/residence-permit-for-orientation-year","One-year problem-based MSc on data-driven services, the closest Dutch analogue to the applicant's Business Intelligence background. A pre-master route exists for applicants who do not meet the entry requirements directly.",2026-08-16,medium,NOT_FOUND,NOT_FOUND
A,Netherlands,Amsterdam,University of Amsterdam,public,MSc Data Science and Business Analytics - Business Analytics track,Master of Science (MSc),Faculty of Economics and Business / Amsterdam School of Economics,EN,12,60,September,"21800 (2026/27 institutional fee, Amsterdam School of Economics) PRIOR_CYCLE",https://www.uva.nl/en/education/fees-and-funding/tuition-fees/tuition-fees.html,NOT_FOUND,2026-04-01 PRIOR_CYCLE,https://www.uva.nl/en/programmes/masters/data-science-and-business-analytics-business-analytics/application-and-admission/application-and-admission.html,NOT_FOUND,NOT_FOUND,NOT_FOUND,NOT_FOUND,n/a,no,NOT_FOUND,https://www.uva.nl/en/programmes/masters/data-science-and-business-analytics-business-analytics/data-science-and-business-analytics-business-analytics.html,"yes - orientation year (zoekjaar) permit, 1 year, free labour-market access; source https://ind.nl/en/residence-permits/work/residence-permit-for-orientation-year","Economics-faculty analytics master; entry expects a bachelor in business analytics, econometrics or a closely related discipline. A UvA pre-master exists for holders of an academic bachelor who miss the requirements.",2026-08-16,medium,NOT_FOUND,NOT_FOUND
A,Netherlands,'s-Hertogenbosch (also Eindhoven and Tilburg campuses),"Tilburg University and Eindhoven University of Technology (Jheronimus Academy of Data Science, JADS)",public,Data Science in Business and Entrepreneurship (joint degree),Master of Science (MSc) - joint degree of Tilburg University and Eindhoven University of Technology; RIO/CROHO code 65018,Jheronimus Academy of Data Science (JADS); registered under Tilburg School of Economics and Management (TiSEM),EN,24,120,August; January,23900 (2026/27 non-EEA institutional fee; the 2027/28 non-EEA rate is published as Not yet known) PRIOR_CYCLE,https://www.tilburguniversity.edu/sites/default/files/download/Instellingstarieven%20voor%20masteropleidingen%202026-2027.pdf,"12000-14400 (university figure: EUR 1,000-1,200 per month)",2027-04-01,https://www.tilburguniversity.edu/education/masters-programs/data-science-business-entrepreneurship/application,NOT_FOUND,conditional,IELTS Academic 6.5 overall with min 6.0 Writing and Speaking; TOEFL iBT 90 overall; IELTS Online not accepted,no,n/a,no,"Technical bachelor with min 15 EC mathematics and statistics (min 5 EC each) plus Databases, Data Structures and Algorithms, Programming (preferably Python), and Machine Learning / Data Mining",https://www.tilburguniversity.edu/education/masters-programmes/data-science-business-and-entrepreneurship,"yes - orientation year (zoekjaar) permit, 1 year, free labour market access","Two-year 120-ECTS joint degree, so it clears the two-year-post-licence condition of the Tunisian equivalence arrete, unlike Tilburg's one-year masters. A holder of a professionally-oriented three-year licence is most likely routed through the JADS pre-Master rather than admitted directly.",2026-08-16,medium,NOT_FOUND,NOT_FOUND
A,Netherlands,Tilburg,Tilburg University,public,MSc Data Science and Society,"Master of Science (MSc) - Dutch state-recognised master, RIO/CROHO code 60964",Tilburg School of Humanities and Digital Sciences (TSHD),EN,12,60,"August,January",23900 (2026/27 non-EEA institutional fee) PRIOR_CYCLE,https://www.tilburguniversity.edu/sites/default/files/download/Instellingstarieven%20voor%20masteropleidingen%202026-2027.pdf,"12000-14400 (university figure: EUR 1,000-1,200 per month)",NOT_FOUND,NOT_FOUND,NOT_FOUND,NOT_FOUND,NOT_FOUND,NOT_FOUND,n/a,no,NOT_FOUND,https://www.tilburguniversity.edu/education/masters-programs/data-science-and-society,"yes - orientation year (zoekjaar) permit, 1 year, free labour-market access; source https://ind.nl/en/residence-permits/work/residence-permit-for-orientation-year",Applied data science master hosted in the digital-sciences school rather than the business school. 2027/28 fee not yet published by the university.,2026-08-16,medium,NOT_FOUND,NOT_FOUND
A,Netherlands,Amsterdam,Vrije Universiteit Amsterdam,public,MSc Business Analytics,"Master of Science (MSc) - Dutch state-recognised master, ISAT/CROHO code 66856",Faculty of Science,EN,24,120,September,24150 (2026/27 non-EEA institutional fee) PRIOR_CYCLE,https://assets-eu-01.kc-usercontent.com/ff31ad68-341e-015e-fb52-24df7a00ecea/91cf92fc-fc42-45fe-b1d0-ca70de4db4c9/2026_Instellingscollegeld_Master_EN.pdf,NOT_FOUND,2026-04-01 PRIOR_CYCLE,https://vu.nl/en/education/master/business-analytics/admissions,180,yes,NOT_FOUND,NOT_FOUND,n/a,no,"90 ECTS of Mathematics/Econometrics/Computer Science at bachelor level, of which 45 ECTS mathematics incl. probability and statistics; programming in Java, Python or C++ (OOP)",https://vu.nl/en/education/master/business-analytics,"yes - orientation year (zoekjaar) permit, 1 year, free labour-market access; source https://ind.nl/en/residence-permits/work/residence-permit-for-orientation-year","Explicitly accepts a 3-year 180-ECTS research-university bachelor, which fits the applicant's licence. The 90-ECTS quantitative prerequisite is the binding filter and includes a 6-month company internship in the programme.",2026-08-16,high,NOT_FOUND,NOT_FOUND
A,Netherlands,Utrecht,Utrecht University,public,MSc Applied Data Science,Master of Science (MSc),Faculty of Science,EN,12,NOT_FOUND,September,25306 (2026/27 institutional fee) PRIOR_CYCLE,https://www.uu.nl/en/masters/applied-data-science/tuition-fees-and-financial-support,NOT_FOUND,2027-04-01,https://www.uu.nl/en/masters/applied-data-science/admission-and-application/degree-from-a-non-dutch-research-university,180,yes,EMI-experienced level required; accepted tests and scores listed on a separate university page,NOT_FOUND,n/a,no,at least 7.5 EC statistics and 7.5 EC programming covering both R and Python; non-credited online courses are not accepted,https://www.uu.nl/en/masters/applied-data-science,"yes - orientation year (zoekjaar) permit, 1 year, free labour-market access; source https://ind.nl/en/residence-permits/work/residence-permit-for-orientation-year","Selective programme; a 3-year bachelor is accepted where NUFFIC judges it equivalent. Applicant's Python/SQL background must be evidenced as credited coursework, and R is explicitly required alongside Python.",2026-08-16,high,NOT_FOUND,NOT_FOUND
A,Netherlands,Rotterdam,Erasmus University Rotterdam,public,MScBA Business Analytics & Management,Master of Science in Business Administration (MScBA),Rotterdam School of Management (RSM),EN,12,60,September,25800 (2026/27 RSM institutional fee) PRIOR_CYCLE,https://www.eur.nl/en/education/practical-matters/registration/tuition-fee/tuition-fee-2026-2027,NOT_FOUND,2027-05-15,https://www.rsm.nl/education/deadlines/,NOT_FOUND,NOT_FOUND,NOT_FOUND,NOT_FOUND,n/a,no,NOT_FOUND,https://www.rsm.nl/education/master/msc-programmes/mscba-business-analytics-management/,"yes - orientation year (zoekjaar) permit, 1 year, free labour-market access; source https://ind.nl/en/residence-permits/work/residence-permit-for-orientation-year",Capped intake of 270 applications with rolling admission; RSM advises non-EEA applicants to submit by 1 April for immigration processing. Admission requirements for September 2027 entry are being revised and will be finalised by 1 October 2026.,2026-08-16,medium,NOT_FOUND,NOT_FOUND
A,Netherlands,Tilburg,TIAS School for Business and Society,private,Full-time Master in Management/Business Administration (MScBA) - Business Analytics Track,MSc — NVAO-accredited,NOT_FOUND,EN,12,NOT_FOUND,NOT_FOUND,"28500 (total for the programme, VAT-exempt)",https://www.tias.edu/en/courses/full-time-master-in-managementbusiness-administration-mscba-13453,NOT_FOUND,NOT_FOUND,NOT_FOUND,NOT_FOUND,conditional,NOT_FOUND,NOT_FOUND,n/a,no,NOT_FOUND,https://www.tias.edu/en/courses/full-time-master-in-managementbusiness-administration-mscba-13453,NOT_FOUND,"One-year 12-month master, so it sits inside the MESRS two-year-post-licence risk band. ECTS and the non-EU deadline are not published.",2026-08-16,medium,NOT_FOUND,NOT_FOUND
A,Norway,Oslo,BI Norwegian Business School,private-accredited-by-state,Master of Science in Business Analytics,"Master of Science (MSc), 120 ECTS",BI Norwegian Business School,EN,24,120,August,"12404 (NOK 135600/yr, rate for citizens outside the EU/EEA/Switzerland including the 30% differential)",https://www.bi.no/en/programmes-and-individual-courses/master-programmes/business-analytics/,15584 (NOK 170368/yr UDI subsistence requirement 2026/2027),2026-03-01 PRIOR_CYCLE,https://www.bi.no/en/programmes-and-individual-courses/master-programmes/business-analytics/,180,yes,NOT_FOUND,NOT_FOUND,n/a,no,"Bachelor (180 ECTS) in business administration, finance, economics or a related quantitative field including statistics, mathematics, research methods or econometrics; minimum grade B in Statistics and Mathematics and a B average in two further quantitative courses",https://www.bi.no/en/programmes-and-individual-courses/admissions/admission-requirements/master-of-science-in-business-analytics/,NOT_FOUND,Priority deadline 1 March with rolling admission thereafter; limited enrolment. The binding constraint is the minimum grade B in statistics and mathematics.,2026-08-16,medium,NOT_FOUND,NOT_FOUND
A,Norway,Bergen,NHH Norwegian School of Economics,public,"Master of Science in Economics and Business Administration, major in Business Analytics",Master of Science in Economics and Business Administration (120 ECTS),NHH Norwegian School of Economics,EN,24,120,August,"18660 (NOK 204000/yr, 2026/2027 cohort; NOK 196000 for the 2025/2026 cohort)",https://www.nhh.no/en/study-programmes/application-and-admission/financial-matters/,15584 (NOK 170368/yr UDI subsistence requirement 2026/2027),2027-02-15,https://www.nhh.no/en/study-programmes/msc-in-economics-and-business-administration/,180,conditional,NOT_FOUND,NOT_FOUND,n/a,no,90 ECTS of the bachelor degree must be within economics and business administration,https://www.nhh.no/en/study-programmes/msc-in-economics-and-business-administration/,NOT_FOUND,Business Analytics is one of ten majors inside the MSc in Economics and Business Administration. Tuition is fixed per cohort for the nominal two years of the degree.,2026-08-16,medium,NOT_FOUND,NOT_FOUND
A,Poland,Warsaw,SGH Warsaw School of Economics,public,Advanced Analytics - Big Data,"Master's degree (magister), second-cycle studies",SGH Warsaw School of Economics,EN,24,NOT_FOUND,10,4800 (2400 EUR per semester; 2450 EUR per semester if paid in 5 instalments),https://www.sgh.waw.pl/en/table-fees-graduate-studies,NOT_FOUND,2026-07-23,https://www.sgh.waw.pl/en/admissions-schedule-graduate-studies-international-applicants,180,yes,IELTS 5.5 or TOEFL iBT 72 or FCE/CAE/CPE; waived if prior studies were in English,NAWA recognition statement required for non-EU diplomas from 1 July 2025,no,no,"Prior understanding of linear algebra, mathematical analysis and probability theory required",https://www.sgh.waw.pl/en/second-cycle-studies/master-studies-advanced-analytics-big-data,NOT_FOUND,"Direct match to a BI/analytics profile: Python and R taught from scratch, advanced data analysis. Bachelor in any field accepted, so the 180-ECTS licence qualifies.",2026-08-16,medium,NOT_FOUND,NOT_FOUND
A,Poland,Warsaw,University of Warsaw,public,"Data Science and Business Analytics, full-time, second cycle programme (in English)",Master's degree (MA),Faculty of Economic Sciences,EN,24,NOT_FOUND,10,"4900 (same rate for EU and non-EU citizens, 2026/2027 fee table)",http://rekrutacja.uw.edu.pl/files/pdf/tuition_fees_2026-2027_06.2026.pdf,NOT_FOUND,NOT_FOUND,NOT_FOUND,180,yes,"English at B2 minimum, evidenced by a document accepted by the University of Warsaw","Ranking-based points system, minimum 30 of 100 points",no,no,"Programme expects a foundation in mathematics, statistics and programming",https://irk.uw.edu.pl/en-gb/offer/PELNE2026/programme/S2-DS/?from=registration%3APELNE2026,NOT_FOUND,"Bachelor in any field is accepted, so a 180-ECTS licence qualifies. Econometrics, machine learning and IT programming core matches the applicant's Python/SQL/Power BI base.",2026-08-16,high,NOT_FOUND,NOT_FOUND
A,Poland,Warsaw,University of Warsaw,public,"Digital Business, full-time, second cycle","Master's degree, second-cycle",Faculty of Management,EN,18,NOT_FOUND,10,"5000 (2500 EUR per semester, 2026/2027 fee table)",http://rekrutacja.uw.edu.pl/files/pdf/tuition_fees_2026-2027_06.2026.pdf,NOT_FOUND,2026-07-16,https://irk.uw.edu.pl/en-gb/offer/PELNE2026/programme/S2-PRK-DB/?from=registration%3APELNE2026,180,yes,B2 minimum; candidates without an accepted certificate sit an online English test (min 15/30),Online written examination in management and economics (min 15/30),no,no,NOT_FOUND,https://irk.uw.edu.pl/en-gb/offer/PELNE2026/programme/S2-PRK-DB/?from=registration%3APELNE2026,NOT_FOUND,Three-semester digital business master at a management faculty; higher education in any field is the stated prerequisite.,2026-08-16,medium,NOT_FOUND,NOT_FOUND
A,Poland,Warsaw,Kozminski University,private-accredited-by-state,Master in Big Data Science,Master's level degree,Kozminski University,EN,24,NOT_FOUND,10,9011 (38800 PLN for year 1; 42800 PLN for year 2; ECB rate 4.3068 PLN/EUR of 2026-08-14),https://www.kozminski.edu.pl/en/programs/graduate-programs-master/master-big-data-science,NOT_FOUND,2026-09-30,https://www.kozminski.edu.pl/en/programs/graduate-programs-master/master-big-data-science,180,yes,IELTS Academic 6.5 overall,"Online entry test (30 questions, 40 min) plus GPA; minimum 60 of 100 points",no,no,NOT_FOUND,https://www.kozminski.edu.pl/en/programs/graduate-programs-master/master-big-data-science,NOT_FOUND,Closest Polish private-sector match to the applicant's BI background. Non-EU applicants are advised to apply before 1 August because of visa processing and must pay a full year of tuition before visa documents are issued.,2026-08-16,medium,NOT_FOUND,NOT_FOUND
A,Portugal,Lisbon,NOVA Information Management School (NOVA IMS) - Universidade NOVA de Lisboa,public,"Master Degree Program in Data Science and Advanced Analytics, with a specialization in Business Analytics",Mestrado - Portuguese second-cycle master's degree,NOVA Information Management School,EN,24,120,September,5300,https://novaims.unl.pt/en/education/programs/postgraduate-programs-and-master-degree-programs/master-degree-program-in-data-science-and-advanced-analytics-with-a-specialization-in-business-analytics/,NOT_FOUND,NOT_FOUND,https://novaims.unl.pt/en/education/programs/postgraduate-programs-and-master-degree-programs/master-degree-program-in-data-science-and-advanced-analytics-with-a-specialization-in-business-analytics/,180,yes,Proficiency in English (spoken and written) required; no test or band published,none stated,n/a,no,Bachelor's degree in a compatible field required; no explicit quantitative test,https://novaims.unl.pt/en/education/programs/postgraduate-programs-and-master-degree-programs/master-degree-program-in-data-science-and-advanced-analytics/,NOT_FOUND,"Non-EU tuition is EUR 5,300 in year one and EUR 2,700 in year two (EUR 8,000 total, 2026-27), against EUR 6,200 for EU nationals. Classes run 2-3 times a week in working-hours format over four semesters.",2026-08-16,high,NOT_FOUND,NOT_FOUND
A,Portugal,Lisbon,"ISEG - Lisbon School of Economics and Management, Universidade de Lisboa",public,Master's in Data Analytics for Business,"Mestrado - Portuguese second-cycle master's degree, A3ES-accredited",ISEG - Lisbon School of Economics and Management,EN,18,120,September,6350,https://www.iseg.ulisboa.pt/en/study/masters/data-analytics-for-business,NOT_FOUND,2026-06-22 PRIOR_CYCLE,https://www.iseg.ulisboa.pt/secretaria/en/applications/masters-degree-applications/,180,yes,Fluent English required; English diploma optional in the application file,none required,n/a,no,"Preference for degrees in Economics, Management, Finance, Mathematics, Statistics or Engineering; ranking adds up to +3 points for prior coursework in probability, statistics, programming and information systems",https://www.iseg.ulisboa.pt/en/study/masters/data-analytics-for-business,NOT_FOUND,"Non-EU tuition is EUR 6,350 year one and EUR 3,500 year two (EUR 9,850 total, 2026-27) versus EUR 6,850 for EU students; non-EU registration deposit is EUR 1,400. ISEG explicitly advises non-European applicants not to use the third application phase because of visa timing.",2026-08-16,high,NOT_FOUND,NOT_FOUND
A,Portugal,Lisbon,Catolica-Lisbon School of Business and Economics - Universidade Catolica Portuguesa,private-accredited-by-state,MSc in Business Analytics,Mestrado / Master of Science - Portuguese second-cycle degree,Catolica-Lisbon School of Business and Economics,EN,18,120,September,9633,https://clsbe.lisboa.ucp.pt/master-science-business-analytics/fees-scholarships,NOT_FOUND,NOT_FOUND,https://www.clsbe.lisboa.ucp.pt/master-science-business-analytics/admissions,NOT_FOUND,NOT_FOUND,"No certificate mandatory; TOEFL 100 iBT, IELTS 7.0 or CAE grade C recommended","GMAT optional (650, or 595 GMAT Focus, recommended for finance programmes)",n/a,no,Programme covers statistics and programming from fundamentals; no stated quantitative entry test,https://www.clsbe.lisboa.ucp.pt/master-science-business-analytics/overview,NOT_FOUND,"Published fee schedule shows a single rate with no EU/non-EU split: EUR 9,633 tuition plus EUR 700 registration in year one, EUR 15,600 total for the 3-semester option. Non-refundable admission fee of EUR 120 on enrolment.",2026-08-16,medium,NOT_FOUND,NOT_FOUND
A,Portugal,Lisbon,Nova School of Business and Economics (Nova SBE) - Universidade NOVA de Lisboa,public,Master's in Business Analytics,Mestrado - Portuguese second-cycle master's degree,Nova School of Business and Economics,EN,18,90,NOT_FOUND,13000,https://www.novasbe.unl.pt/en/programs/masters/business-analytics/fees,NOT_FOUND,NOT_FOUND,https://www.novasbe.unl.pt/en/programs/apply/masters/eligibility,NOT_FOUND,NOT_FOUND,B2 English certificate required at application,none stated,n/a,no,Delivered with NOVA School of Science and Technology's Computer Science department; 30-ECTS work project in semester three,https://www.novasbe.unl.pt/en/programs/masters/business-analytics,NOT_FOUND,"The EUR 13,000 figure is the non-EU/EEA fee for the whole 1.5-year programme (EU/EEA pay EUR 11,900), plus a non-refundable EUR 2,350 non-EU enrolment fee. Cohort profile is 0-2 years' professional experience, matching a fresh Licence holder.",2026-08-16,high,NOT_FOUND,NOT_FOUND
A,Romania,Bucharest,Bucharest University of Economic Studies (ASE),public,Master of Business Analytics,Master's degree,Faculty of Business Administration in Foreign Languages (FABIZ),EN,24,120,10,"4500 (non-EU citizens, academic year 2025/2026) PRIOR_CYCLE",https://en.ase.ro/index_en.asp?page=fees,NOT_FOUND,2026-08-31,https://analytics.fabiz.ase.ro/,180,yes,NOT_FOUND,Non-EU applicants must have graduated in 2023 or later,no,no,No prior analytics background required,https://analytics.fabiz.ase.ro/,NOT_FOUND,"Two admission windows (16-20 July 2026 and 28-31 August 2026), classes start 1 October. Non-EU admission fee is 450 EUR. The recency rule (graduation 2023 or later) is a real constraint for a mid-2027 graduate but works in the applicant's favour.",2026-08-16,medium,NOT_FOUND,NOT_FOUND
A,Romania,Cluj-Napoca,Babes-Bolyai University (UBB),public,Business Modeling and Distributed Computing,Master's degree,Faculty of Economics and Business Administration (FSEGA),EN,24,120,10,NOT_FOUND,NOT_FOUND,NOT_FOUND,NOT_FOUND,NOT_FOUND,180,NOT_FOUND,NOT_FOUND,NOT_FOUND,no,no,NOT_FOUND,https://www.ubbcluj.ro/en/programe_academice/masterat/,NOT_FOUND,"Listed in the UBB register of accredited master's programmes as English-language, full-time, 120 credits. Non-EU tuition is published only through a faculty/year dropdown that could not be resolved.",2026-08-16,low,NOT_FOUND,NOT_FOUND
A,Slovenia,Ljubljana,"University of Ljubljana, School of Economics and Business",public,Business Informatics,MSc,School of Economics and Business (EF),EN,24,120,10,"4700 (academic year 2026/2027; payable by non-EU citizens, EU citizens are exempt from full-time tuition)",https://www.ef.uni-lj.si/en/study/masters-programmes/fees-and-price-list,NOT_FOUND,2026-06-30,https://www.ef.uni-lj.si/en/study/masters-programmes/business-informatics,180,yes,NOT_FOUND,NOT_FOUND,no,no,Candidates from unrelated fields must complete 12 additional ECTS in Microeconomics and Introduction to Business,https://www.ef.uni-lj.si/en/study/masters-programmes/business-informatics,NOT_FOUND,"The programme page states explicitly that a first-cycle degree of at least 180 ECTS in a relevant field is sufficient, which removes the 240-ECTS risk. Curriculum names business analytics and digitalisation.",2026-08-16,high,NOT_FOUND,NOT_FOUND
A,Spain,Madrid,Universidad Carlos III de Madrid,public,Master in Big Data Analytics,"Master Universitario Oficial (official Spanish state master's degree; ANECA-evaluated, RUCT-registered)",Graduate School of Engineering and Basic Sciences,EN,12,60,NOT_FOUND,7200,https://www.uc3m.es/master/big-data-analytics,NOT_FOUND,2026-05-31 PRIOR_CYCLE,https://www.uc3m.es/postgraduate/admission/process,180,yes,English proficiency required; accepted if the previous degree was completed in English; no minimum band published,none stated,n/a,no,"Bachelor in Computer Science, Telecommunications Eng., Statistics, Mathematics, Physics or Industrial Eng.; other backgrounds must evidence mathematics, statistics and computing knowledge",https://www.uc3m.es/master/big-data-analytics,"yes - 24-month non-renewable job-search residence permit for holders of a Spanish EQF Level 6+ degree (Hoja 20, Ministerio de Inclusion): https://www.inclusion.gob.es/web/migraciones/w/20.-autorizacion-de-residencia-para-busqueda-de-empleo-o-inicio-de-proyecto-empresarial","Applicant's Python, SQL, machine-learning and big-data coursework maps onto the stated mathematics/statistics/computing entry evidence for non-listed bachelor fields. Fully English-taught, 60 ECTS in one year at a public-price official master.",2026-08-16,high,NOT_FOUND,NOT_FOUND
A,Spain,Barcelona,UPF Barcelona School of Management - Universitat Pompeu Fabra,private-accredited-by-state,Master of Science in Management specialization in Business Analytics,"Master Universitari en Ciencies Empresarials / Master of Science in Management - official UPF degree, plus a UPF-BSM completion certificate",UPF Barcelona School of Management,EN,10,60,September,18500,https://www.bsm.upf.edu/en/master-science-management-business-analytics,NOT_FOUND,NOT_FOUND,https://www.bsm.upf.edu/en/master-science-management-business-analytics,NOT_FOUND,NOT_FOUND,NOT_FOUND,NOT_FOUND,n/a,no,"Targets applicants with analytical skills from Business Administration, Economics, Engineering, Mathematics or Physics",https://www.bsm.upf.edu/en/master-science-management-business-analytics,"yes - 24-month non-renewable job-search residence permit for holders of a Spanish EQF Level 6+ degree (Hoja 20, Ministerio de Inclusion): https://www.inclusion.gob.es/web/migraciones/w/20.-autorizacion-de-residencia-para-busqueda-de-empleo-o-inicio-de-proyecto-empresarial","Official UPF master's title with a Business Analytics specialisation among 30+ electives, so the analytics load is elective-driven rather than core. Classes are in the afternoon on the UPF Ciutadella campus.",2026-08-16,medium,NOT_FOUND,NOT_FOUND
A,Spain,Barcelona,Barcelona School of Economics (degree awarded jointly by Universitat Pompeu Fabra and Universitat Autonoma de Barcelona),private-accredited-by-state,Master's Degree in Data Science - Data Science for Decision Making Program,"Master Universitario Oficial in Data Science, jointly awarded by UPF and UAB",Barcelona School of Economics,EN,12,60,September,19500 PRIOR_CYCLE,https://bse.eu/masters-degrees/data-science/data-science-decision-making,NOT_FOUND,NOT_FOUND,https://bse.eu/masters-degrees/data-science/data-science-decision-making,180,yes,TOEFL >=90 or IELTS Academic >=6.5 or Duolingo >=120,"GRE General Test optional, highly recommended",n/a,no,"Degree in Economics, Finance, Engineering, Mathematics, Statistics or Business Administration; strong quantitative skills required",https://bse.eu/masters-degrees/data-science/data-science-decision-making,"yes - 24-month non-renewable job-search residence permit for holders of a Spanish EQF Level 6+ degree (Hoja 20, Ministerio de Inclusion): https://www.inclusion.gob.es/web/migraciones/w/20.-autorizacion-de-residencia-para-busqueda-de-empleo-o-inicio-de-proyecto-empresarial","Programme explicitly accepts Bologna first-cycle degrees of minimum 180 ECTS, matching the applicant's Licence. Decision-science framing sits directly on the Business Intelligence background.",2026-08-16,high,NOT_FOUND,NOT_FOUND
A,Spain,Barcelona,Esade Business School - Universitat Ramon Llull,private-accredited-by-state,Master of Science in Business Analytics,Master Universitari Oficial in Business Analytics awarded by Universitat Ramon Llull (confirmed on the Generalitat de Catalunya official degree register),Esade Business School,EN,12,60,September,39000,https://www.esade.edu/master-of-science/en/fees-and-financing,NOT_FOUND,NOT_FOUND,https://www.esade.edu/master-of-science/en/fees-and-financing,NOT_FOUND,NOT_FOUND,NOT_FOUND,NOT_FOUND,n/a,no,NOT_FOUND,https://www.esade.edu/master-of-science/en/program/masters-in-business-analytics,"yes - 24-month non-renewable job-search residence permit for holders of a Spanish EQF Level 6+ degree (Hoja 20, Ministerio de Inclusion): https://www.inclusion.gob.es/web/migraciones/w/20.-autorizacion-de-residencia-para-busqueda-de-empleo-o-inicio-de-proyecto-empresarial","Official 60-ECTS Ramon Llull master aimed at recent graduates with up to two years' experience, which fits the applicant's stage. Language is English with optional Spanish/French classes.",2026-08-16,medium,NOT_FOUND,NOT_FOUND
A,Spain,Madrid,IE University - IE School of Science and Technology,private-accredited-by-state,Master in Business Analytics and Data Science,"Master Universitario Oficial en Analitica de Negocio / Master in Business Analytics (official state degree, BOE-A-2021-20309), awarded together with an IE University titulo propio in Data Science",IE School of Science and Technology,EN,11,60,April; September,43000,https://www.ie.edu/school-science-technology/programs/master-business-analytics-data-science/admissions-fees/,NOT_FOUND,NOT_FOUND,https://www.ie.edu/school-science-technology/programs/master-business-analytics-data-science/admissions-fees/,NOT_FOUND,yes,TOEFL 100 (105 recommended) or IELTS 7.0 (7.5 recommended) or Duolingo 130 or Cambridge C1; waived if the previous degree was taught in English,"ieGAT, GMAT or GRE required",n/a,no,No stated quantitative prerequisite; the school states students without a technical background are admitted,https://www.ie.edu/school-science-technology/programs/master-business-analytics-data-science/,"yes - 24-month non-renewable job-search residence permit for holders of a Spanish EQF Level 6+ degree (Hoja 20, Ministerio de Inclusion): https://www.inclusion.gob.es/web/migraciones/w/20.-autorizacion-de-residencia-para-busqueda-de-empleo-o-inicio-de-proyecto-empresarial",Only the Business Analytics half of the award is a Spanish official master; the Data Science component is an IE titulo propio and would not carry state recognition on its own. Highest tuition in this territory by a wide margin.,2026-08-16,high,NOT_FOUND,NOT_FOUND
A,Sweden,Jonkoping,Jonkoping University,private-accredited-by-state,Master in Digital Business and AI Management,Degree of Master of Science (120 credits) with a major in Business Administration,Jonkoping International Business School (JIBS),EN,24,120,August,"12547 (SEK 138000/yr; SEK 69000 first semester, SEK 276000 total)",https://ju.se/en/study-at-ju/our-programmes/master-programmes/digital-business-and-ai-management-autumn-2026-mu114.html,11547 (SEK 127008/yr = SEK 10584/month Migrationsverket self-support requirement) PRIOR_CYCLE,2026-01-15 PRIOR_CYCLE,https://www.universityadmissions.se/en/key-dates-and-deadlines/autumn-semester-dates/,180,conditional,Proof of English proficiency required (score not stated on the programme page),NOT_FOUND,n/a,no,At least 30 credits in Business Administration,https://ju.se/en/study-at-ju/our-programmes/master-programmes/digital-business-and-ai-management-autumn-2026-mu114.html,NOT_FOUND,Requires a 180-ECTS bachelor with at least 30 credits in Business Administration. Private non-profit institution with state-granted degree-awarding rights including doctorates.,2026-08-16,medium,NOT_FOUND,NOT_FOUND
A,Sweden,Karlskrona,Blekinge Institute of Technology (BTH),public,"Master's programme in Business Analytics, 120 credits",Master's degree (120 credits) in Industrial Economics and Management,Department of Industrial Economics,EN,24,120,August,12728 (SEK 140000/yr; SEK 70000 per semester),https://www.bth.se/english/education/programmes/masters-programme-in-business-analytics-120-credits,11547 (SEK 127008/yr = SEK 10584/month Migrationsverket self-support requirement) PRIOR_CYCLE,2026-01-15 PRIOR_CYCLE,https://www.universityadmissions.se/en/key-dates-and-deadlines/autumn-semester-dates/,180,conditional,English 6,NOT_FOUND,n/a,no,24 cr mathematics incl. linear algebra (5 cr) and statistics (5 cr); 5 cr programming; 6 cr industrial economics and/or management,https://www.bth.se/english/education/programmes/masters-programme-in-business-analytics-120-credits,NOT_FOUND,"Entry requires a Bachelor of Science in Engineering or a technical degree, which a business-school Business Intelligence licence may not satisfy. Quantitative course thresholds are specified in credits.",2026-08-16,high,NOT_FOUND,NOT_FOUND
A,Sweden,Lund,Lund University,public,Data Analytics and Business Economics - Master's Programme,Master of Science (60 credits),Lund University School of Economics and Management (LUSEM),EN,12,60,August,"13638 (SEK 150000/yr; SEK 150000 total, first payment SEK 75000)",https://www.lunduniversity.lu.se/lubas/i-uoh-lu-EAGDA,11547 (SEK 127008/yr = SEK 10584/month Migrationsverket self-support requirement) PRIOR_CYCLE,2026-01-15 PRIOR_CYCLE,https://www.universityadmissions.se/en/key-dates-and-deadlines/autumn-semester-dates/,180,yes,English 6 (Swedish upper-secondary level) or equivalent,NOT_FOUND,n/a,no,30 cr statistics/mathematics incl. regression analysis; or 60 cr economics/informatics/business administration incl. econometrics or regression analysis plus statistics/mathematics; or 60 cr statistics incl. regression analysis,https://www.lunduniversity.lu.se/lubas/i-uoh-lu-EAGDA,NOT_FOUND,One-year 60-ECTS MSc hosted by a business faculty; a 180-credit three-year bachelor is explicitly sufficient. Admission turns on documented statistics/regression credits.,2026-08-16,high,NOT_FOUND,NOT_FOUND
A,Sweden,Lulea,Lulea University of Technology,public,Master Programme in Data Analytics in Business and Economics,Master of Science (60 credits) with specialisation in data analytics in Economics or Business Administration,NOT_FOUND,EN,12,60,August,NOT_FOUND,NOT_FOUND,11547 (SEK 127008/yr = SEK 10584/month Migrationsverket self-support requirement) PRIOR_CYCLE,2026-01-15 PRIOR_CYCLE,https://www.ltu.se/en/education/programme/fneda-master-programme-in-data-analytics-in-business-and-economics,180,yes,English 6 / English level 2,NOT_FOUND,n/a,no,"180 cr in Business Administration or Economics incl. programming 7.5 ECTS, databases 7.5 ECTS, mathematics 7.5 ECTS, statistics 15 ECTS",https://www.ltu.se/en/education/programme/fneda-master-programme-in-data-analytics-in-business-and-economics,NOT_FOUND,"Bachelor must be in Business Administration or Economics with programming, database, mathematics and statistics credits. The university fee table does not list a rate for this programme.",2026-08-16,medium,NOT_FOUND,NOT_FOUND
A,Switzerland,Geneva,University of Geneva,public,Master of Science in Business Analytics,Master of Science (MSc),Geneva School of Economics and Management (GSEM),EN,24,120,September,"1070 (CHF 500 per semester, CHF 1,000 per year; same rate for all students)",https://www.unige.ch/gsem/en/programs/masters/business-analytics,NOT_FOUND,2026-02-28 PRIOR_CYCLE,https://www.unige.ch/gsem/en/programs/masters/business-analytics,NOT_FOUND,NOT_FOUND,NOT_FOUND,NOT_FOUND,n/a,no,Depending on prior education a complementary Business Analytics course of 6 ECTS may be imposed as a co-requisite,https://www.unige.ch/gsem/en/programs/masters/business-analytics,6-month permit to seek employment after graduation (Switzerland),Lowest tuition of any Track A option in the territory at CHF 500 per semester with no non-EU surcharge. Deadline falls a full seven months before the intake.,2026-08-16,medium,NOT_FOUND,NOT_FOUND
A,Switzerland,Lucerne,Lucerne University of Applied Sciences and Arts (HSLU),applied-sciences,Master of Science in Applied Data Science and AI,Master of Science Hochschule Luzern/FHZ in Applied Data Science and AI,Lucerne School of Business,EN,24,120,September; February,"2782 (CHF 1,300 per semester for international students, CHF 2,600 per year; domestic rate CHF 800 per semester)",https://www.hslu.ch/en/lucerne-school-of-information-technology/studium/master/applied-data-science-and-ai/,NOT_FOUND,"2027-04-01 (1 April for applicants requiring a visa, autumn start; 1 September for the spring start)",https://www.hslu.ch/en/lucerne-school-of-information-technology/studium/master/applied-data-science-and-ai/admission/,180,yes,C1 CEFR; B2 accepted for conditional admission,NOT_FOUND,n/a,no,No prior computer science or statistics specialisation required - preparatory modules cover the basics in the first semester; up to 12 ECTS creditable for relevant professional experience,https://www.hslu.ch/en/lucerne-school-of-information-technology/studium/master/applied-data-science-and-ai/,6-month permit to seek employment after graduation (Switzerland),"States a 180-ECTS bachelor requirement explicitly and admits non-specialists, so the Business Intelligence licence is directly sufficient. Formerly named Applied Information and Data Science.",2026-08-16,high,NOT_FOUND,NOT_FOUND
B,Austria,Hagenberg,University of Applied Sciences Upper Austria (FH Oberoesterreich),applied-sciences,Interactive Media,Master of Science in Engineering (MSc),"Hagenberg Campus - Digital Media, Communications and Design",EN,24,NOT_FOUND,October,"1453.44 (EUR 726.72 per semester for third-country students, double the EUR 363.36 EU/EEA rate, plus OeH contribution)",https://www.fachhochschulen.ac.at/en/course-of-studies/interactive-media,NOT_FOUND,2026-06-30 PRIOR_CYCLE (extended to 31 August 2026 subject to available places),https://www.fachhochschulen.ac.at/en/course-of-studies/interactive-media,180,yes,NOT_FOUND,Admission interview,NOT_FOUND,no,Completion of at least a six-semester relevant bachelor's degree or comparable higher education at university level; 24 places available,https://fh-ooe.at/en/degree-programs/master-degree-programs,12-month residence permit to seek employment after graduation (Austria),"The only English-taught interactive/digital media master's found at an Austrian Fachhochschule; explicitly accepts a six-semester bachelor. Covers game development, multimedia systems and streaming media.",2026-08-16,medium,NOT_FOUND,NOT_FOUND
B,Belgium,Brussels,INSAS - Institut National Superieur des Arts du Spectacle,public,Master Cinema - Realisation,"Master 120 credits (Ecole superieure des Arts, French Community of Belgium)",Section Cinema,FR,NOT_FOUND,120,NOT_FOUND,5369 (2026-2027: minerval 1194 + supplementary contribution 4175 per year for non-EU students),https://insas.be/droit-dinscription-aux-etudes/,NOT_FOUND,2026-05-05,https://insas.be/entrer/entrer-au-2eme-cycle-masters/,180,yes,NOT_FOUND,"competitive entrance examination (epreuves d'admission), 50 EUR fee for phase 2",yes,no,n/a,https://insas.be/entrer/entrer-au-2eme-cycle-masters/,"yes - search year permit, max 12 months to seek work or start a company; source https://dofi.ibz.be/en/themes/third-country-nationals/study/search-year-after-higher-studies","French-taught film-directing master that explicitly accepts a recognised 180-ECTS bachelor, matching the applicant's licence and French fluency. Entry is by competitive examination with few places for external applicants; the dates shown are the 2026 round (application 9 March - 5 May 2026, exams 17 August - 11 September 2026).",2026-08-16,medium,NOT_FOUND,NOT_FOUND
B,Belgium,Louvain-la-Neuve,IAD - Institut des Arts de Diffusion,private-accredited-by-state,Master Realisation Multimedia,"Master (Ecole superieure des Arts, French Community of Belgium)",Institut des Arts de Diffusion,FR,NOT_FOUND,NOT_FOUND,NOT_FOUND,5369 (2026-2027: minerval 1194 + 4175 supplementary annual contribution for non-EU students; the school notes 2026-2027 amounts are subject to final parliamentary adoption),https://www.iad-arts.be/frais-inscription,NOT_FOUND,2026-08-14,https://www.iad-arts.be/inscriptions-masters,NOT_FOUND,NOT_FOUND,NOT_FOUND,admission interview / audition (free of charge for first-year master applicants),yes,no,n/a,https://www.iad-arts.be/inscriptions-masters,"yes - search year permit, max 12 months to seek work or start a company; source https://dofi.ibz.be/en/themes/third-country-nationals/study/search-year-after-higher-studies",French-taught audiovisual directing master; entry requires a bachelor or equivalent plus an admission interview. Credit volume and exact official diploma title are not published on the pages consulted; dates shown are the 2026 round (4 May - 14 August 2026).,2026-08-16,low,NOT_FOUND,NOT_FOUND
B,Cyprus,Nicosia,University of Nicosia,private-accredited-by-state,"Digital Media and Communications (MA, 1.5 Years or 3 Semesters)","Master of Arts, 2nd cycle; accredited by CYQAA to Fall Semester 2027","School of Humanities and Social Sciences, Department of Communications",EN,18,90,NOT_FOUND,9660,https://www.unic.ac.cy/wp-content/uploads/2026/07/UNIC-Nicosia-Tuition-Fees-Non-EU-EN-2026-2027.pdf,NOT_FOUND,NOT_FOUND,NOT_FOUND,NOT_FOUND,conditional,"IELTS 6.5, TOEFL iBT 79, or a first degree taught in English",no,no,no,no,https://www.unic.ac.cy/digital-media-and-communicationsma-1-5-years-or-3-semesters/,NOT_FOUND,"Non-EU rate is EUR 161 per ECTS, EUR 14,490 for the whole 90-ECTS programme; the figure recorded here is the 60-ECTS annual equivalent from the 2026-2027 non-EU schedule. Content is communications-led (digital media innovation, PR and advertising, social media management) with one production-oriented module, Digital Media Content, and admission needs only a bachelor degree from a recognised university.",2026-08-16,medium,"Admission Criteria, in full: ""The minimum general requirement for admission to the post-graduate degree programme is a Bachelor Degree from a recognised university."" No credit volume, no minimum duration, no subject restriction and no grade threshold is attached. A 180-ECTS 3-year licence satisfies this wording; the only variable is whether Esprit School of Business is treated as a recognised university. English: IELTS 6.5+ or equivalent (free NEPTON placement test accepted as substitute).",https://www.unic.ac.cy/digital-media-and-communicationsma-1-5-years-or-3-semesters/
B,Cyprus,Limassol,Cyprus University of Technology,public,MSc Interaction Design (joint programme with Tallinn University),"MSc, accredited by CYQAA to Spring Semester 2027",Department of Multimedia and Graphic Arts,EN,24,120,NOT_FOUND,NOT_FOUND,NOT_FOUND,NOT_FOUND,NOT_FOUND,NOT_FOUND,NOT_FOUND,conditional,"IELTS 5.5 or above, TOEFL, CAE, CPE or FCE",no,no,no,no,https://www.cut.ac.cy/studies/masters/master-programmes/mga-gr-ide/,NOT_FOUND,"Fully online two-year, 120-ECTS joint degree with Tallinn University (Estonia), so it carries no residence or post-study work route in Cyprus. Entry is a bachelor in a related field with a minimum GPA of 6.5/10; tuition was not published on the programme page.",2026-08-16,low,"""A degree in a related field with a minimum grade point average (GPA) of 6.5/10, or equivalent, from a recognized and accredited university."" Related fields listed: Computer Science, Informatics, Design, Media Studies, Internet Studies, Social Sciences, Psychology, Education. No ECTS floor and no minimum duration of prior study is published. Conditional because the ""related field"" test is a discretionary subject assessment - Business Intelligence is not on the listed field list, though its informatics content may be argued.",https://www.cut.ac.cy/studies/masters/master-programmes/mga-gr-ide/
B,Czechia,Prague,Academy of Performing Arts in Prague - Film and TV School (FAMU),public,Photography (MA),MgA. (Master of Arts),FAMU International,EN,24,NOT_FOUND,10,9089 (220000 CZK; ECB rate 24.205 CZK/EUR of 2026-08-14),https://www.famu.cz/en/departments/famu-international-fi/tuition-fees/,NOT_FOUND,NOT_FOUND,NOT_FOUND,NOT_FOUND,NOT_FOUND,Taught in English; no published certificate threshold,Entrance examination and interview,yes,no,NOT_FOUND,https://www.famu.cz/en/applicants/masters-study-programs/,NOT_FOUND,Open to applicants holding a bachelor's degree or in their final bachelor year with substantial portfolio work. Applications for 2027/2028 open 2 November 2026 (Photography 2 October 2026); the school states fees include all shooting and workshop budgets.,2026-08-16,medium,NOT_FOUND,NOT_FOUND
B,Czechia,Prague,Academy of Performing Arts in Prague - Film and TV School (FAMU),public,Montage (MA),MgA. (Master of Arts),FAMU International,EN,36,NOT_FOUND,10,12394 (300000 CZK; ECB rate 24.205 CZK/EUR of 2026-08-14),https://www.famu.cz/en/departments/famu-international-fi/tuition-fees/,NOT_FOUND,NOT_FOUND,NOT_FOUND,NOT_FOUND,NOT_FOUND,Taught in English; no published certificate threshold,Entrance examination and interview,yes,no,NOT_FOUND,https://www.famu.cz/en/applicants/masters-study-programs/,NOT_FOUND,Open to applicants holding a bachelor's degree or in their final bachelor year with substantial portfolio work. Applications for 2027/2028 open 2 November 2026 (Photography 2 October 2026); the school states fees include all shooting and workshop budgets.,2026-08-16,medium,NOT_FOUND,NOT_FOUND
B,Czechia,Prague,Academy of Performing Arts in Prague - Film and TV School (FAMU),public,Cinematography (MA),MgA. (Master of Arts),FAMU International,EN,36,NOT_FOUND,10,20245 (490000 CZK; ECB rate 24.205 CZK/EUR of 2026-08-14),https://www.famu.cz/en/departments/famu-international-fi/tuition-fees/,NOT_FOUND,NOT_FOUND,NOT_FOUND,NOT_FOUND,NOT_FOUND,Taught in English; no published certificate threshold,Entrance examination and interview,yes,no,NOT_FOUND,https://www.famu.cz/en/applicants/masters-study-programs/,NOT_FOUND,Open to applicants holding a bachelor's degree or in their final bachelor year with substantial portfolio work. Applications for 2027/2028 open 2 November 2026 (Photography 2 October 2026); the school states fees include all shooting and workshop budgets.,2026-08-16,medium,NOT_FOUND,NOT_FOUND
B,Czechia,Prague,Academy of Performing Arts in Prague - Film and TV School (FAMU),public,Directing Cinema and Digital Media (MA),MgA. (Master of Arts),FAMU International,EN,36,NOT_FOUND,10,22723 (550000 CZK; ECB rate 24.205 CZK/EUR of 2026-08-14),https://www.famu.cz/en/departments/famu-international-fi/tuition-fees/,NOT_FOUND,NOT_FOUND,NOT_FOUND,NOT_FOUND,NOT_FOUND,Taught in English; no published certificate threshold,Entrance examination and interview,yes,no,NOT_FOUND,https://www.famu.cz/en/applicants/masters-study-programs/,NOT_FOUND,Open to applicants holding a bachelor's degree or in their final bachelor year with substantial portfolio work. Applications for 2027/2028 open 2 November 2026 (Photography 2 October 2026); the school states fees include all shooting and workshop budgets.,2026-08-16,medium,NOT_FOUND,NOT_FOUND
B,Denmark,Copenhagen,Aalborg University,public,Medialogy (Copenhagen),Master of Science (MSc) in Medialogy,NOT_FOUND,EN,24,120,September,15490 (DKK 115700/yr; DKK 57850 = EUR 7745 per semester),https://www.en.aau.dk/education/apply/master/finance-and-fees,NOT_FOUND,2027-01-15,https://www.en.aau.dk/education/apply/master/how-and-when-to-apply,180,conditional,English at Danish B level plus an AAU-approved English test,Application fee EUR 150 for non-EU/EEA applicants,NOT_FOUND,no,The qualifying bachelor must provide competencies within at least two of the subject areas listed in the programme curriculum,https://www.en.aau.dk/education/master/medialogy-cph,NOT_FOUND,"Technology-side media production degree (audiovisual, interactive and immersive media) taught in English at the Copenhagen campus. Admission depends on subject-area competencies from the qualifying bachelor.",2026-08-16,medium,NOT_FOUND,NOT_FOUND
B,Estonia,Tallinn,Estonian Academy of Arts (EKA),public,Animation MA,MA,Estonian Academy of Arts,EN,24,120,9,3800 (non-EU rate; EU/EEA rate is 3300; academic year 2026/27),https://www.artun.ee/en/admissions/masters/admission-fee/,NOT_FOUND,2026-03-02,https://www.artun.ee/en/admissions/masters/admissions/,NOT_FOUND,yes,"English at B2 level, certificate required",Application fee 80 EUR,yes,no,NOT_FOUND,https://www.artun.ee/en/curricula/animation/,NOT_FOUND,"120-ECTS MA in animated filmmaking that welcomes students from diverse educational backgrounds; portfolio-driven, matching the applicant's video and visual-content practice.",2026-08-16,high,NOT_FOUND,NOT_FOUND
B,Estonia,Tallinn,Estonian Academy of Arts (EKA),public,Interaction Design MA,MA,Estonian Academy of Arts,EN,24,120,9,4200 (non-EU rate; EU/EEA rate is 3200; academic year 2026/27),https://www.artun.ee/en/admissions/masters/admission-fee/,NOT_FOUND,2026-03-02,https://www.artun.ee/en/admissions/masters/admissions/,NOT_FOUND,yes,"English at B2 level, certificate required",Application fee 80 EUR,yes,no,NOT_FOUND,https://www.artun.ee/en/curricula/interaction-design/,NOT_FOUND,"No previous design background is required, so the Business Intelligence licence is eligible. Delivered as cycle studies on Thursday to Saturday rather than daily attendance.",2026-08-16,medium,NOT_FOUND,NOT_FOUND
B,Estonia,Tallinn,Tallinn University,public,Documentary Film,Master's degree,"Baltic Film, Media and Arts School (BFM)",EN,24,NOT_FOUND,9,4600 (2300 EUR per semester),https://www.tlu.ee/en/erialad,NOT_FOUND,NOT_FOUND,NOT_FOUND,NOT_FOUND,yes,Proof of English proficiency required,"Entrance exam: CV/portfolio 35 percent, interview 20 percent, creative assignment 35 percent, second interview 10 percent",yes,no,Applicants must have a personal camera for the creative assignment,https://www.tlu.ee/en/bfm/documentary-film,NOT_FOUND,Completed bachelor's degree in any field is the stated academic requirement; admission turns on portfolio and a filmed creative assignment. Next admissions round stated as 2026.,2026-08-16,medium,NOT_FOUND,NOT_FOUND
B,Estonia,Tallinn,Tallinn University,public,Communication Management,Master's degree,"Baltic Film, Media and Arts School (BFM)",EN,24,NOT_FOUND,9,4600 (2300 EUR per semester),https://www.tlu.ee/en/erialad,NOT_FOUND,2026-03-13,https://www.tlu.ee/en/bfm/communication-management,NOT_FOUND,yes,Proof of English proficiency required,"Entrance exam: motivation letter 50 percent, online interview 50 percent; minimum 70 points",no,no,NOT_FOUND,https://www.tlu.ee/en/bfm/communication-management,NOT_FOUND,"Strategic and intercultural communication rather than production. Non-EU deadline is two months earlier than the EU deadline, which is the binding date for a Tunisian applicant.",2026-08-16,medium,NOT_FOUND,NOT_FOUND
B,Finland,Espoo,Aalto University,public,"New Media, Master of Arts (Art and Design)",Master of Arts (Art and Design),"Aalto University School of Arts, Design and Architecture",EN,24,120,autumn,20000 (EUR 20000/yr),https://www.aalto.fi/en/study-options/new-media-master-of-arts-art-and-design,9600 (EUR 800/month Migri residence-permit requirement),2026-01-02 PRIOR_CYCLE,https://www.aalto.fi/en/study-options/new-media-master-of-arts-art-and-design,180,conditional,NOT_FOUND,Application fee EUR 100 for non-EU/EEA applicants,yes,no,NOT_FOUND,https://www.aalto.fi/en/study-options/new-media-master-of-arts-art-and-design,NOT_FOUND,"Expects bachelor studies in arts, design, media or technology, but applicants from other fields may demonstrate competence through the required documents. Portfolio limited to 15 pages / 100 MB.",2026-08-16,high,NOT_FOUND,NOT_FOUND
B,Finland,Espoo,Aalto University,public,"Film and Television Producing, Master of Arts (Art and Design)",Master of Arts (Art and Design),"Aalto University School of Arts, Design and Architecture",EN,24,120,autumn,20000 (EUR 20000/yr),https://www.aalto.fi/en/study-options/film-and-television-producing-master-of-arts-art-and-design,9600 (EUR 800/month Migri residence-permit requirement),2026-01-02 PRIOR_CYCLE,https://www.aalto.fi/en/study-options/film-and-television-producing-master-of-arts-art-and-design,180,yes,NOT_FOUND,Application fee EUR 100 for non-EU/EEA applicants,yes,no,NOT_FOUND,https://www.aalto.fi/en/study-options/film-and-television-producing-master-of-arts-art-and-design,NOT_FOUND,The field of the prior degree is not mandated and applicants from other fields are considered. Selection rests on a producer-profile preliminary assignment and an electronic portfolio.,2026-08-16,high,NOT_FOUND,NOT_FOUND
B,Finland,Espoo,Aalto University,public,"Documentary Film, Master of Arts (Art and Design)",Master of Arts (Art and Design),"Aalto University School of Arts, Design and Architecture",EN,24,120,autumn,20000 (EUR 20000/yr),https://www.aalto.fi/en/study-options/documentary-film-master-of-arts-art-and-design,9600 (EUR 800/month Migri residence-permit requirement),2026-01-02 PRIOR_CYCLE,https://www.aalto.fi/en/study-options/documentary-film-master-of-arts-art-and-design,180,yes,NOT_FOUND,Application fee EUR 100 for non-EU/EEA applicants,yes,no,NOT_FOUND,https://www.aalto.fi/en/study-options/documentary-film-master-of-arts-art-and-design,NOT_FOUND,The portfolio must contain one or two documentary films of at least five minutes each that have been publicly screened or broadcast. The field of the prior degree is not mandated.,2026-08-16,high,NOT_FOUND,NOT_FOUND
B,Finland,Espoo,Aalto University,public,"Sound in New Media, Master of Arts (Art and Design)",Master of Arts (Art and Design),"Aalto University School of Arts, Design and Architecture",EN,24,120,autumn,20000 (EUR 20000/yr),https://opintopolku.fi/konfo/en/toteutus/1.2.246.562.17.00000000000000007983,9600 (EUR 800/month Migri residence-permit requirement),2026-01-02 PRIOR_CYCLE,https://opintopolku.fi/konfo/en/toteutus/1.2.246.562.17.00000000000000007983,180,yes,NOT_FOUND,Application fee EUR 100 for non-EU/EEA applicants,yes,no,NOT_FOUND,https://www.aalto.fi/en/study-options/sound-in-new-media-master-of-arts-art-and-design,NOT_FOUND,Studyinfo states there is no intake in 2027 and the next planned intake is 2028; eight study places. Sound design and music technology major matching the applicant's music-production practice.,2026-08-16,high,NOT_FOUND,NOT_FOUND
B,France,Toulouse,Universite Toulouse - Jean Jaures (ENSAV - Ecole nationale superieure d'audiovisuel),public,"Master Cinema et audiovisuel (parcours Realisation, Production, Image, Son, VFX/Architecture-Decor, Cinema XR, Recherche Experimentation, Esthetique du cinema)",Diplome national de master delivered by Universite Toulouse - Jean Jaures,ENSAV - Ecole nationale superieure d'audiovisuel,FR,24,NOT_FOUND,September,250 PRIOR_CYCLE,https://international.univ-tlse2.fr/accueil/formation/frais-dinscription-a-luniversite,NOT_FOUND,2026-08-31 PRIOR_CYCLE,https://www.ensav.fr/inscription/,180,yes,NOT_FOUND,Applications by dossier; non-EU applicants apply through the Etudes en France procedure,NOT_FOUND,no,NOT_FOUND,https://formations.univ-toulouse.fr/fr/les-formations/master-lmd-XB/cinema-et-audiovisuel-IZSE5WJM.html,yes - APS temporary residence permit available to master's-level graduates,"France's only public national film school inside a university, with production, directing, image, sound, VFX and XR tracks matching the applicant's videography and editing practice. UT2J granted an automatic partial exemption so non-EU students paid EUR 250 instead of the EUR 3,879 differentiated master rate in 2025-2026; the 2026-2027 decision was not verified.",2026-08-16,medium,NOT_FOUND,NOT_FOUND
B,France,Saint-Denis,Universite Paris 8 Vincennes - Saint-Denis,public,"Master Creation numerique, parcours Arts et Technologies de l'Image virtuelle (ATI)",Diplome national de master delivered by Universite Paris 8,"UFR Arts, Philosophie, Esthetique - departement Arts et Technologies de l'Image",FR,24,120,NOT_FOUND,3950,https://www.univ-paris8.fr/-Montant-des-droits-d-inscription-755-,NOT_FOUND,NOT_FOUND,NOT_FOUND,180,yes,NOT_FOUND,Preselection on dossier followed by an interview,yes,no,Combined artistic and technical competence in digital imaging; programming and 3D digital image knowledge expected,https://www.univ-paris8.fr/-Master-Arts-et-Technologies-de-l-Image-virtuelle-630-,yes - APS temporary residence permit available to master's-level graduates,"Explicitly opens M1 to holders of a 180-ECTS licence, including computer-science licences, which fits the applicant's technical profile. Covers 3D imaging, animation, VFX, video games and virtual reality; capacity 28 in M1.",2026-08-16,medium,NOT_FOUND,NOT_FOUND
B,France,Paris,Universite Sorbonne Nouvelle,public,"Master Cinema et audiovisuel, parcours Production audiovisuelle et editorialisation",Diplome national de master delivered by Universite Sorbonne Nouvelle,Departement Cinema et Audiovisuel,FR,24,NOT_FOUND,September,3950,https://www.sorbonne-nouvelle.fr/les-droits-d-inscription-pour-les-etudiants-etrangers-669910.kjsp,NOT_FOUND,NOT_FOUND,https://www.sorbonne-nouvelle.fr/preparer-sa-candidature-en-master-cinema-et-audiovisuel-714908.kjsp,180,yes,English C1 minimum,French C1 certificate (DALF C1 or complete TCF) required for candidates whose diploma is not in French or English; research project required with the application,no,no,NOT_FOUND,https://www.sorbonne-nouvelle.fr/master-cinema-et-audiovisuel-br-parcours-production-audiovisuelle-et-editorialisation-539481.kjsp,yes - APS temporary residence permit available to master's-level graduates,"Audiovisual production and editorialisation track open at M1 to licence holders in arts, media or humanities. Non-EU candidates apply through Etudes en France, which opens in October for the following September intake; the exact 2027 date was not published at the time of verification.",2026-08-16,medium,NOT_FOUND,NOT_FOUND
B,France,Saint-Denis,Ecole nationale superieure Louis-Lumiere,public,Master Cinema,Diplome de niveau Bac+5 qui confere le grade de Master (wording published by the school for its Master programmes; RNCP 41627 recorded for the Master Photographie),ENS Louis-Lumiere,FR,36,NOT_FOUND,September,NOT_FOUND,NOT_FOUND,NOT_FOUND,2026-01-14 PRIOR_CYCLE,https://www.ens-louis-lumiere.fr/admissions/le-concours/concours-presentation/,120,yes,NOT_FOUND,"Competitive entrance concours in three phases, common to national and international applicants; DELF B2 French certificate required for non-francophone candidates; age limit under 27 on 31 December preceding the concours",NOT_FOUND,no,NOT_FOUND,https://www.ens-louis-lumiere.fr/admissions/le-concours/concours-presentation/,yes - APS temporary residence permit available to master's-level graduates,"Entry requires two validated years of higher education, which the applicant's 180-ECTS licence exceeds, but the concours imposes an age limit under 27 and a French DELF B2 certificate. Sixteen places per Master; campus at La Cite du Cinema, Saint-Denis.",2026-08-16,medium,NOT_FOUND,NOT_FOUND
B,France,Saint-Denis,Ecole nationale superieure Louis-Lumiere,public,Master Son,Diplome de niveau Bac+5 qui confere le grade de Master (wording published by the school for its Master programmes),ENS Louis-Lumiere,FR,36,NOT_FOUND,September,NOT_FOUND,NOT_FOUND,NOT_FOUND,2026-01-14 PRIOR_CYCLE,https://www.ens-louis-lumiere.fr/admissions/le-concours/concours-presentation/,120,yes,NOT_FOUND,"Competitive entrance concours in three phases, common to national and international applicants; DELF B2 French certificate required for non-francophone candidates; age limit under 27 on 31 December preceding the concours",NOT_FOUND,no,NOT_FOUND,https://www.ens-louis-lumiere.fr/master-son,yes - APS temporary residence permit available to master's-level graduates,"Sound-for-image production master matching the applicant's music-production and audio practice. Same concours, age limit and French-certificate conditions as the Master Cinema; sixteen places.",2026-08-16,medium,NOT_FOUND,NOT_FOUND
B,Germany,Bremen,University of Bremen (joint with Hochschule fuer Kuenste Bremen),public,Digital Media (Media Informatics),Master of Science (M.Sc.),Faculty of Mathematics and Computer Science / joint Digital Media programme,EN,24,120,October,0 (no tuition fee stated; semester contribution approx. EUR 425 including the semester ticket),https://www.uni-bremen.de/en/studies/orientation-application/offered-study-program/dbs/study/digital-media-media-informatics-media-design-master,NOT_FOUND,"2027-05-31 (application portals open 1 April, deadline 31 May, same date for all applicants)",https://digitalmedia-bremen.de/profile/master/application-and-requirements/,150,yes,"C1 CEFR, TOEFL at least 95 or IELTS 7.0 - waived if the prior degree or secondary education was taught in English",NOT_FOUND,yes,no,Bachelor in a field relevant to digital media with a minimum of 150 ECTS; M.Sc. applicants submit a video of no more than 5 minutes documenting their digital media work,https://digitalmedia-bremen.de/profile/master/,18-month residence permit to seek employment after graduation (Germany),Lowest prior-ECTS bar found in the territory at 150 ECTS. The M.Sc. strand combines media informatics with media design and takes a video work sample rather than an art portfolio.,2026-08-16,high,NOT_FOUND,NOT_FOUND
B,Germany,Bremen,Hochschule fuer Kuenste Bremen (joint with University of Bremen),public,Digital Media (Media Design),Master of Arts (M.A.),University of the Arts Bremen - joint Digital Media programme,EN,24,120,October,0 (no tuition fee stated for the joint programme; semester contribution approx. EUR 425),https://www.uni-bremen.de/en/studies/orientation-application/offered-study-program/dbs/study/digital-media-media-informatics-media-design-master,NOT_FOUND,"2027-05-31 (application portals open 1 April, deadline 31 May)",https://digitalmedia-bremen.de/profile/master/application-and-requirements/,150,yes,"C1 CEFR, TOEFL at least 95 or IELTS 7.0",NOT_FOUND,yes,no,Bachelor in a field relevant to digital media with a minimum of 150 ECTS; M.A. applicants submit a portfolio of 10 to 20 works,https://digitalmedia-bremen.de/profile/master/,18-month residence permit to seek employment after graduation (Germany),"Art-school strand of the same joint degree; requires a 10-20 piece creative portfolio, which the applicant's videography and visual content practice could supply.",2026-08-16,high,NOT_FOUND,NOT_FOUND
B,Germany,Cologne,TH Koeln (Cologne Game Lab),applied-sciences,Digital Games,Master of Arts (M.A.),"Cologne Game Lab, TH Koeln",EN,18,90,October,0 (consecutive programme - not on TH Koeln's list of continuing-education master's programmes that charge non-EU tuition; semester contribution EUR 352.70 in winter semester 2026/27),https://www.th-koeln.de/en/academics/fees_5908.php,NOT_FOUND,NOT_FOUND,https://www.th-koeln.de/en/academics/digital-games-masters-program_51470.php,NOT_FOUND,NOT_FOUND,NOT_FOUND,Programme-related aptitude test,NOT_FOUND,no,"Specialisation chosen from Game Design, Game Arts or Game Informatics, with coursework in media and game studies and economics",https://www.th-koeln.de/en/academics/digital-games-masters-program_51470.php,18-month residence permit to seek employment after graduation (Germany),Interactive-media production route at a public applied-sciences institution with no non-EU tuition. Being a 90-ECTS three-semester degree it still clears the 60-ECTS master's floor.,2026-08-16,medium,NOT_FOUND,NOT_FOUND
B,Germany,Cologne,ifs internationale filmschule koeln,private,Serial Storytelling (International Track),Master of Arts (M.A.),"ifs internationale filmschule koeln, degree programme run with TH Koeln",EN,24,120,October (entry every second year),"7500 (EUR 3,750 per semester for non-EU citizens including EUR 250 study-fund contribution; EU rate EUR 2,750 per semester; plus one-off EUR 400 registration fee and approx. EUR 335 TH Koeln semester fee)",https://www.filmschule.de/en/studies/ma-serial-storytelling/application,NOT_FOUND,2027-01-31 (applications for the autumn 2026 to January 2027 window),https://www.filmschule.de/en/studies/ma-serial-storytelling/application,180,yes,B2 CEFR,NOT_FOUND,no,yes,"Bachelor with at least 180 ECTS, at least one year of work experience in media production or writing, and a solid grounding in screenwriting and dramaturgy",https://www.filmschule.de/en/studies/ma-serial-storytelling,18-month residence permit to seek employment after graduation (Germany),"TH Koeln confirms this as a consecutive (not continuing-education) master's programme, so it clears the level filter. The one-year media-production experience requirement is the binding gate.",2026-08-16,high,NOT_FOUND,NOT_FOUND
B,Germany,Berlin,SRH University (formerly SRH Berlin University of Applied Sciences),private-accredited-by-state,"M.A. Film, Television and Digital Narratives",Master of Arts,NOT_FOUND,EN,24,120,April; October,"11543 (non-EU; SRH published rate EUR 5,950 per semester / EUR 11,543 per year / EUR 22,610 total, plus a one-off EUR 1,000 enrolment fee; price list valid from 1 April 2025)",https://www.srh-university.de/fileadmin/1HE/International/SRH-University-Tuition-Fees-EN-Non-EU.pdf,NOT_FOUND,none published; rolling,NOT_FOUND,NOT_FOUND,conditional,B2,NOT_FOUND,yes,no,"Portfolio of five to eight pieces of film work (films, screenplays, exposes or film analyses) plus a list of five favourite films/series",https://www.srh-university.de/en/master/film-television-digital-narratives/v/,NOT_FOUND,"The only Track B programme found in the entire operation that admits on portfolio rather than a prior degree in the field, which makes it one of the very few genuinely open to this applicant's videography practice.",2026-08-16,medium,NOT_FOUND,NOT_FOUND
B,Germany,Berlin; Munich; Cologne; Hamburg; Leipzig; Stuttgart; Freiburg,Macromedia University of Applied Sciences,private-accredited-by-state,Digital Media Business,Master of Arts (M.A.),Macromedia University of Applied Sciences,EN,24,NOT_FOUND,October; March,"12000 (stated as from EUR 6,000 per semester; registration fee EUR 750 for non-EU applicants)",https://www.macromedia-fachhochschule.de/en/master/digital-media-business/admission-fees/,NOT_FOUND,NOT_FOUND,https://www.macromedia-fachhochschule.de/en/master/digital-media-business/admission-fees/,NOT_FOUND,NOT_FOUND,Proof of language proficiency required,NOT_FOUND,no,no,"Bachelor's degree, CV, letter of motivation and passport copy; programme taught 100 percent in English",https://www.macromedia-fachhochschule.de/en/master/digital-media-business/,18-month residence permit to seek employment after graduation (Germany),"Private state-recognised applied-sciences university; the degree sits between media production and digital business, so it serves both tracks. Fee is quoted only as a floor, not an exact figure.",2026-08-16,low,NOT_FOUND,NOT_FOUND
B,Germany,Potsdam,Filmuniversitaet Babelsberg KONRAD WOLF,public,Creative Technologies,Master of Arts (M.A.),Filmuniversitaet Babelsberg KONRAD WOLF,EN,24,120,October,NOT_FOUND,NOT_FOUND,NOT_FOUND,"2027-05-18 (application period 12 April to 18 May 2027, winter semester)",https://www.filmuniversitaet.de/en/studies/study-programs/master-programs/creative-technologies/application/,NOT_FOUND,NOT_FOUND,"TOEFL iBT 83, IELTS 6.0 or Cambridge CAE - waived for applicants from English-speaking countries",NOT_FOUND,yes,no,"Completed B.Sc. or B.A. in media informatics, computer science, media technologies, digital media, interaction/experience design, media design or another relevant degree; work samples with project documentation of max. 10 pages and video of max. 15 minutes",https://www.filmuniversitaet.de/en/studies/study-programs/master-programs/creative-technologies/,18-month residence permit to seek employment after graduation (Germany),"Only master's programme at Germany's film university whose courses are mainly held in English; combines VFX, sound, XR and software development with production practice. Application window is already published for 2027.",2026-08-16,medium,NOT_FOUND,NOT_FOUND
B,Germany,Kamp-Lintfort,Hochschule Rhein-Waal,applied-sciences,Design and Interaction,Master of Arts (M.A.),Faculty of Communication and Environment,EN,18,NOT_FOUND,NOT_FOUND,NOT_FOUND,NOT_FOUND,NOT_FOUND,NOT_FOUND,https://www.hochschule-rhein-waal.de/en/faculties/communication-and-environment/degree-programmes/master-degree-programmes/design-and,210,conditional,IELTS or TOEFL at level B2 CEFR,NOT_FOUND,yes,no,At least 210 ECTS or seven semesters of full-time study required; applicants with 180 to 210 ECTS over six semesters may apply subject to additional training or make-up examinations; aptitude test on artistic/creative capability,https://www.hochschule-rhein-waal.de/en/faculties/communication-and-environment/degree-programmes/master-degree-programmes/design-and,18-month residence permit to seek employment after graduation (Germany),A clear instance of the German 210-ECTS barrier: a 180-ECTS licence is admissible only with make-up examinations. Programme is fully English-taught at a public applied-sciences university.,2026-08-16,medium,NOT_FOUND,NOT_FOUND
B,Germany,Weimar,Bauhaus-Universitaet Weimar,public,Computer Science for Digital Media,Master of Science (M.Sc.),Faculty of Media,EN,24,120,October; April,NOT_FOUND,NOT_FOUND,NOT_FOUND,"2027-07-15 (15 July for the winter semester and 15 January for the summer semester, via uni-assist for non-EU degrees)",https://www.uni-weimar.de/de/medien/studium/computer-science-for-digital-media-msc/application,NOT_FOUND,NOT_FOUND,"B2 CEFR; TOEFL iBT at least 85 or IELTS 6.5 with no component below 6.0, certificate not older than two years",NOT_FOUND,no,no,"Relevant Bachelor of Science in computer science, engineering, media informatics, IT, software engineering or mathematics with a computer science focus; bachelor thesis must be uploaded",https://www.uni-weimar.de/en/media/studies/computer-science-for-digital-media-msc,18-month residence permit to seek employment after graduation (Germany),"Media-technology rather than studio production: data mining, machine learning, visual analytics, human-computer interfaces and mobile media. Two intakes per year and a July deadline that is still open in the current cycle.",2026-08-16,medium,NOT_FOUND,NOT_FOUND
B,Greece,Thessaloniki,Aristotle University of Thessaloniki,public,Digital Media - Computational Intelligence,MSc — Greek state postgraduate degree,School of Informatics,EN,18,90,NOT_FOUND,1800 (total for the programme) — the cheapest qualifying Track B programme in the dataset,https://studies.minedu.gov.gr/program/?programme_id=1191,NOT_FOUND,NOT_FOUND,NOT_FOUND,NOT_FOUND,conditional,NOT_FOUND,NOT_FOUND,no,no,"A degree in computer science, electrical and computer engineering, or a numerate physical science discipline — a real risk for a Business Intelligence licence and must be checked before applying",https://dmci-en.csd.auth.gr/,NOT_FOUND,"Delivered in person, which matters for MESRS equivalence. Comparable to the Bauhaus-Weimar Computer Science for Digital Media row already in the dataset.",2026-08-16,high,"Graduates Abroad category: ""Graduates of departments of Universities from abroad in a discipline related to Computer Science. That is, a degree (or an international equivalent) is required in computer science or electrical and computer engineering or a numerate physical science discipline)."" Grade floor: ""A Bachelor's degree as described above, with a minimum requirement of a 6.5 grade (or the equivalent for different grading systems)"" and ""The minimum grade of the degree/diploma or first cycle must be at least equal to six (6) in the scale 0-10"". No ECTS floor and no minimum years published. CRITICAL: ""Master's degree is not awarded to a postgraduate student whose title of first-cycle studies (i.e. BSc.) from a foreign Institution has not been recognized by the Hellenic National Academic Recognition and Information Center (DOATAP), according to the Law 3328/2005 (A' 80)"" - DOATAP recognition of the Tunisian licence is a condition of graduating, not merely of entry.",https://dmci-en.csd.auth.gr/candidates/
B,Greece,Thessaloniki,Aristotle University of Thessaloniki,public,"MA in Digital Media, Communication and Journalism","MA (Greek state postgraduate programme, PMS)",School of Journalism and Mass Media Communications,EN,12,90,NOT_FOUND,3000,https://media.jour.auth.gr/academic-policies/financial-policy/,NOT_FOUND,2026-09-11,https://media.jour.auth.gr/admissions/procedures/,NOT_FOUND,conditional,"C1 minimum: IELTS 7.0, TOEFL iBT 110-120, TOEIC 880 or Cambridge CAE",no,no,no,no,https://media.jour.auth.gr/,NOT_FOUND,"Cheapest verified option in this territory at EUR 3,000 total, paid in three instalments, with three streams including Digital Media, Culture and Communication. The full fee waiver covering 30 percent of the intake is restricted to Greek nationals, and the accepted first-degree list is humanities/social-science led (Economics is included, Business Intelligence is not named).",2026-08-16,medium,"""Holders of first cycle degrees (Bachelor's) are admitted to the Program and in particular graduates of the Departments of Journalism, Media or Communication, as well as graduates of humanities and social sciences."" Formal requirement: ""Hold a Bachelor's Degree (BA) from a Greek or a foreign university or advanced technological educational institution, at a 2.1 level or equivalent grade (eg. B, very good, etc) in one of the following disciplines Journalism, Communication, Advertising Marketing, Political, Social and Cultural Studies, Economics, Comparative, European and International Studies, History, Anthropology, Psychology, Sociology, Philosophy, Archeology, History of Arts and Foreign Languages."" No ECTS floor or minimum years published. FLAG: Business Intelligence is not on the eligible discipline list; the nearest listed field is Economics, so subject eligibility is doubtful independently of credit volume.",https://media.jour.auth.gr/admissions/procedures/
B,Hungary,Budapest,Corvinus University of Budapest,private-accredited-by-state,Communication and Media Studies,MA,Corvinus University of Budapest,EN,24,120,9,6800 (3400 EUR per semester),https://www.uni-corvinus.hu/post/landing-page/application/fees-and-costs/?lang=en,NOT_FOUND,NOT_FOUND,NOT_FOUND,NOT_FOUND,conditional,No English certificate required for most Corvinus master's programmes; proficiency assessed at the entrance interview,Written entrance exam plus oral component,no,no,NOT_FOUND,https://www.uni-corvinus.hu/post/landing-page/masters/ma-in-communication-and-media-studies/?lang=en,NOT_FOUND,"Curriculum includes Creative Industries and Digital Content Creation modules and a compulsory 90-hour internship, but the university states no distinct media-production track exists.",2026-08-16,medium,NOT_FOUND,NOT_FOUND
B,Hungary,Budapest,Moholy-Nagy University of Art and Design (MOME),private-accredited-by-state,Animation MA in English,MA degree,Moholy-Nagy University of Art and Design,EN,24,NOT_FOUND,9,10000 (5000 EUR per semester for non-EU/EEA citizens),https://mome.hu/en/application/animation-ma-in-english-application,NOT_FOUND,2026-04-30,https://mome.hu/en/application/animation-ma-in-english-application,NOT_FOUND,yes,"Minimum B2 English; no language certificate required, proficiency assessed at the entrance interview",Practical exam worth 99 of 100 admission points; pre-selection on portfolio,yes,no,NOT_FOUND,https://mome.hu/en/programmes/animation-ma-in-english,NOT_FOUND,"A university degree in any field is the only academic precondition and no prior specialised art education is required, so a 180-ECTS licence in Business Intelligence is eligible. Admission is decided almost entirely on portfolio and practical exam.",2026-08-16,high,NOT_FOUND,NOT_FOUND
B,Hungary,Budapest,Moholy-Nagy University of Art and Design (MOME),private-accredited-by-state,Interaction Design MA in English,MA degree,Moholy-Nagy University of Art and Design,EN,24,NOT_FOUND,9,10000 (5000 EUR per semester for non-EU/EEA citizens),https://mome.hu/en/application/interaction-design-ma-in-english-application,NOT_FOUND,2026-04-30,https://mome.hu/en/application/interaction-design-ma-in-english-application,NOT_FOUND,yes,"Minimum B2 English; no language certificate required, proficiency assessed at the entrance interview",Practical exam worth 99 of 100 admission points; pre-selection on portfolio,yes,no,NOT_FOUND,https://mome.hu/en/programmes/interaction-design-ma-in-english,NOT_FOUND,"A university degree in any field is the only academic precondition and no prior specialised art education is required, so a 180-ECTS licence in Business Intelligence is eligible. Admission is decided almost entirely on portfolio and practical exam.",2026-08-16,high,NOT_FOUND,NOT_FOUND
B,Hungary,Budapest,Moholy-Nagy University of Art and Design (MOME),private-accredited-by-state,Photography MA in English,MA degree,Moholy-Nagy University of Art and Design,EN,24,NOT_FOUND,9,10000 (5000 EUR per semester for non-EU/EEA citizens),https://mome.hu/en/application/photography-ma-in-english-application,NOT_FOUND,2026-04-30,https://mome.hu/en/application/photography-ma-in-english-application,NOT_FOUND,yes,"Minimum B2 English; no language certificate required, proficiency assessed at the entrance interview",Practical exam worth 99 of 100 admission points; pre-selection on portfolio,yes,no,NOT_FOUND,https://mome.hu/en/programmes/photography-ma-in-english,NOT_FOUND,"A university degree in any field is the only academic precondition and no prior specialised art education is required, so a 180-ECTS licence in Business Intelligence is eligible. Admission is decided almost entirely on portfolio and practical exam.",2026-08-16,high,NOT_FOUND,NOT_FOUND
B,Ireland,Dun Laoghaire,"Institute of Art, Design + Technology (IADT)",public,MA in Media Narratives (DL929),"MA, NFQ Level 9",Faculty of Design + Media,EN,12,90,September,16000,https://iadt.ie/courses/media-narratives/,NOT_FOUND,NOT_FOUND,NOT_FOUND,NOT_FOUND,conditional,NOT_FOUND,no,no,no,no,https://iadt.ie/courses/media-narratives/,"Stamp 1G Third Level Graduate Programme: NFQ Level 9 graduates get 12 months, renewable for a further 12 (24 months max) - https://www.irishimmigration.ie/my-situation-has-changed-since-i-arrived-in-ireland/third-level-graduate-programme/","Short-form narrative production across podcast, short film and creative non-fiction, matching the applicant's videography and audio practice. Entry is a 2nd class honours degree at honours-degree level with a Recognition of Prior Learning route; classes meet two days and one evening weekly.",2026-08-16,medium,"Minimum entry requirements: ""Undergraduate qualification of 2nd Class Honours or higher at Honours Degree level. Some prior experience in a cognate discipline is desirable."" Alternative: ""Applicants without an appropriate degree qualification may be considered provided they can demonstrate equivalent experience through our RPL (recognition of prior learning) process."" No portfolio required. No credit figure given; states ""Level 8 honours degree or equivalent""; Irish Level 8 is normally 240 ECTS, so a 180-ECTS licence requires individual equivalency assessment.",https://iadt.ie/courses/media-narratives/
B,Ireland,Dun Laoghaire,"Institute of Art, Design + Technology (IADT)",public,MA Animation (DL931),"MA, NFQ Level 9","Department of Animation + Digital Arts, National Film School",EN,18,90,September,16000,https://iadt.ie/courses/ma-animation/,NOT_FOUND,NOT_FOUND,NOT_FOUND,NOT_FOUND,conditional,NOT_FOUND,Applicants may be interviewed online,yes,no,no,https://iadt.ie/courses/ma-animation/,"Stamp 1G Third Level Graduate Programme: NFQ Level 9 graduates get 12 months, renewable for a further 12 (24 months max) - https://www.irishimmigration.ie/my-situation-has-changed-since-i-arrived-in-ireland/third-level-graduate-programme/","Requires an animation/art portfolio plus three short project proposals, and the cohort is capped at 12 students. Entry is an NFQ Level 8 qualification or Recognition of Prior Learning based on animation-industry experience.",2026-08-16,medium,"Entry requirements: ""Students with a Level 8 qualification or RPL (to include completed postgraduate study in related Art and Design areas or postgraduate experience working in the animation industry)."" A portfolio containing animation-related project proposals is mandatory. No credit figure given; states ""Level 8 honours degree or equivalent""; Irish Level 8 is normally 240 ECTS, so a 180-ECTS licence requires individual equivalency assessment. Note the portfolio, not the credit count, is the binding selection filter here.",https://iadt.ie/courses/ma-animation/
B,Ireland,Dun Laoghaire,"Institute of Art, Design + Technology (IADT)",public,MA in Screenwriting for Film + Television,"MA, NFQ Level 9",National Film School at IADT,EN,18,NOT_FOUND,October,16000,https://iadt.ie/courses/screenwriting-for-film-and-television/,NOT_FOUND,NOT_FOUND,NOT_FOUND,NOT_FOUND,conditional,NOT_FOUND,Interview required,yes,no,no,https://iadt.ie/courses/screenwriting-for-film-and-television/,"Stamp 1G Third Level Graduate Programme: NFQ Level 9 graduates get 12 months, renewable for a further 12 (24 months max) - https://www.irishimmigration.ie/my-situation-has-changed-since-i-arrived-in-ireland/third-level-graduate-programme/","Portfolio of substantial written material and at least two script ideas required, plus interview; entry is a 2nd class honours degree or higher. Attendance is two full days per week plus Wednesday tutorials over 18 months, which should be checked against non-EU full-time study-visa conditions.",2026-08-16,medium,"Minimum entry requirements: ""Undergraduate qualification of 2nd Class Honours or higher at Honours Degree level."" Applicants may alternatively qualify through the RPL process if they ""can demonstrate Honours Degree equivalence"". No credit figure given; states ""Level 8 honours degree or equivalent""; Irish Level 8 is normally 240 ECTS, so a 180-ECTS licence requires individual equivalency assessment.",https://iadt.ie/courses/screenwriting-for-film-and-television/
B,Ireland,Maynooth,Maynooth University,public,MA CRITICAL AND CREATIVE MEDIA (MHS58),"MA, NFQ Level 9 Taught Masters",Department of Media Studies,EN,12,NOT_FOUND,September,16000,https://www.maynoothuniversity.ie/student-fees-grants/postgraduate/postgraduate-fees-list,NOT_FOUND,2026-06-30 PRIOR_CYCLE,https://www.maynoothuniversity.ie/study-maynooth/postgraduate-studies/courses/ma-critical-and-creative-media,NOT_FOUND,conditional,Maynooth English language requirements; criteria may differ for non-EU applicants,no,no,no,no,https://www.maynoothuniversity.ie/study-maynooth/postgraduate-studies/courses/ma-critical-and-creative-media,"Stamp 1G Third Level Graduate Programme: NFQ Level 9 graduates get 12 months, renewable for a further 12 (24 months max) - https://www.irishimmigration.ie/my-situation-has-changed-since-i-arrived-in-ireland/third-level-graduate-programme/","Creative Media pathway offers hands-on work across film, interactive media, broadcast TV and radio with a creative project alternative to the dissertation. Entry is a 2:1 in Media Studies or a related Humanities, Arts, Social Sciences or Communication and Information Technology subject, so the applicant's Business Intelligence licence would need to be assessed as related.",2026-08-16,medium,"""Applicants must hold a minimum of a bachelor's degree (NFQ Level 8) (or equivalent) with a minimum of a second-class honours, grade 1 (2:1) in Media Studies, or in a related subject in Humanities, Arts, Social Sciences, or Communication and Information Technology."" RPL route for applicants without a primary degree who have 4+ years relevant experience. No credit figure given; states ""Level 8 honours degree or equivalent""; Irish Level 8 is normally 240 ECTS, so a 180-ECTS licence requires individual equivalency assessment. Subject fit: a Business Intelligence licence would need to be argued under ""Communication and Information Technology"".",https://www.maynoothuniversity.ie/study-maynooth/postgraduate-studies/courses/ma-critical-and-creative-media
B,Ireland,Cork,University College Cork,public,MA Film & Screen Media (CKE02),"MA, NFQ Level 9","School of Film, Music and Theatre",EN,12,90,September,19900,https://www.ucc.ie/en/cke02/,NOT_FOUND,NOT_FOUND,NOT_FOUND,NOT_FOUND,conditional,University-approved English language requirements (band not stated on programme page),no,yes,no,no,https://www.ucc.ie/en/cke02/,"Stamp 1G Third Level Graduate Programme: NFQ Level 9 graduates get 12 months, renewable for a further 12 (24 months max) - https://www.irishimmigration.ie/my-situation-has-changed-since-i-arrived-in-ireland/third-level-graduate-programme/","Roughly 40 percent practice-based, with a 40-credit practice option built around a short film plus reflective piece. Entry normally requires a Second Class Honours Grade I primary degree in the Humanities with evidence of film/media study or practical expertise, so admission would rest on the applicant's videography portfolio rather than the Business Intelligence degree.",2026-08-16,medium,"""An applicant will have a Second Class Honours, Grade I in a primary honours degree (NFQ, Level 8 or equivalent) in the Humanities."" Grade II applicants may be considered via Recognition of Prior Learning. No credit figure given; states ""Level 8 honours degree or equivalent""; Irish Level 8 is normally 240 ECTS, so a 180-ECTS licence requires individual equivalency assessment. FLAG: the degree must be ""in the Humanities"" - a Business Intelligence licence is outside that subject envelope, so subject eligibility is a bigger obstacle here than credit volume.",https://www.ucc.ie/en/cke02/
B,Ireland,Galway,University of Galway,public,Film Studies: Theory and Practice (MA),"MA, NFQ Level 9","School of English, Media and Creative Arts",EN,12,90,September,20040,https://www.universityofgalway.ie/student-fees/how-much/postgraduate-fees/,NOT_FOUND,rolling - portal opens 1 October for September entry,https://www.universityofgalway.ie/courses/taught-postgraduate-courses/film-studies.html,NOT_FOUND,conditional,IELTS 7.0 overall with no component below 6.5,no,yes,no,no,https://www.universityofgalway.ie/courses/taught-postgraduate-courses/film-studies.html,"Stamp 1G Third Level Graduate Programme: NFQ Level 9 graduates get 12 months, renewable for a further 12 (24 months max) - https://www.irishimmigration.ie/my-situation-has-changed-since-i-arrived-in-ireland/third-level-graduate-programme/","Balances film theory with screenwriting and digital practice modules; final project can be a feature screenplay or video essay. Applicants submit a graded academic essay or 1,000-word film review plus personal statement, and no specific undergraduate discipline is required.",2026-08-16,medium,"Minimum entry requirements: ""QQI Level 8 degree or equivalent, H2.2. GPA 3.0 or equivalent international qualification."" No credit figure given; states ""Level 8 honours degree or equivalent""; Irish Level 8 is normally 240 ECTS, so a 180-ECTS licence requires individual equivalency assessment. BRIDGING ROUTE PUBLISHED: applicants holding a Level 7 (ordinary, 180-credit) degree at Merit 1 may enter the Postgraduate Diploma instead, with progression to the MA on achieving 60% in coursework - i.e. Galway explicitly offers a sub-Level-8 pathway, which is the closest published analogue to a 180-ECTS entrant and can add up to a year. Also requires a graded academic essay or 1,000-word film review plus personal statement; IELTS 7.0.",https://www.universityofgalway.ie/courses/taught-postgraduate-courses/film-studies.html
B,Ireland,Dublin,Technological University Dublin,public,Master of Science in Creative Digital Media (Creative Digital Media and UX) - TU294,"MSc, NFQ Level 9","School of Media, Grangegorman",EN,18,90,September,20250,https://www.tudublin.ie/study/postgraduate/courses/creative-digital-media/,NOT_FOUND,NOT_FOUND,NOT_FOUND,NOT_FOUND,conditional,IELTS (Academic) 7.0 overall with no component below 6.5,no,no,no,no,https://www.tudublin.ie/study/postgraduate/courses/creative-digital-media/,"Stamp 1G Third Level Graduate Programme: NFQ Level 9 graduates get 12 months, renewable for a further 12 (24 months max) - https://www.irishimmigration.ie/my-situation-has-changed-since-i-arrived-in-ireland/third-level-graduate-programme/","Conversion masters covering VR/AR development, mobile and web app development and interactive media, open to computer-science as well as design backgrounds. Entry is a 2.2 honours degree; the IELTS 7.0 requirement is the highest in this territory.",2026-08-16,high,"Minimum entry requirements: ""Honours bachelor degree (2.2 grade or higher) in any discipline relevant to multimedia authoring, design, production, architecture, humanities or computer science."" A Statement of Purpose is required and ""satisfying the minimum entry requirement is not a guarantee of a place"". IELTS (Academic) 7.0 for international applicants. No credit figure given; states ""Level 8 honours degree or equivalent""; Irish Level 8 is normally 240 ECTS, so a 180-ECTS licence requires individual equivalency assessment.",https://www.tudublin.ie/study/postgraduate/courses/creative-digital-media/
B,Italy,Rome,RUFA - Rome University of Fine Arts,private-accredited-by-state,Film Arts,"Diploma Accademico di Secondo Livello, equipollente a Laurea Magistrale, 120 CFA",RUFA second-level academic courses,EN,24,120,NOT_FOUND,16500,https://www.unirufa.it/orientamento/rette-e-agevolazioni-economiche/,NOT_FOUND,NOT_FOUND,https://www.unirufa.it/en/offerta-formativa/corsi-ii-livello/film-arts/,180,yes,B2 English language certificate required for non-EU applicants,Admission exam,yes,no,n/a,https://www.unirufa.it/en/offerta-formativa/corsi-ii-livello/film-arts/,NOT_FOUND,"RUFA is an Accademia di Belle Arti legalmente riconosciuta whose second-level academic diploma courses are accredited by the Ministry (mim.gov.it accreditation decree for Rome University of Fine Arts). Fee recorded is the English-language biennial rate in the 'oltre 150' bracket, which the fee table states is the only bracket applicable to non-EU students.",2026-08-16,medium,NOT_FOUND,NOT_FOUND
B,Italy,Milan,NABA - Nuova Accademia di Belle Arti,private-accredited-by-state,Master of Arts in Creative Media Production,"Diploma Accademico di Secondo Livello in New Technologies for Arts, 120 CFA",NOT_FOUND,EN,24,120,October,22250 PRIOR_CYCLE,https://www.naba.it/en/postgraduate-application/tuition-fee-scholarships-financial-aid,NOT_FOUND,NOT_FOUND,https://www.naba.it/en/international-students,180,yes,"IELTS Academic or General overall 5.0, TOEFL iBT 45, Cambridge ESOL FCE/CAE/CPE overall 160, or PTE Academic 36-42",Admission test,NOT_FOUND,no,n/a,https://www.naba.it/en/postgraduate/creative-media-production-courses,NOT_FOUND,"NABA is an Accademia di Belle Arti legalmente riconosciuta whose second-level academic diploma courses are accredited by the Ministry (see mim.gov.it accreditation decree for NABA Milano), so the award is a state second-cycle qualification in the AFAM sector. Delivered in Italian and English streams; pre-enrolment applications are normally submitted between March and November.",2026-08-16,medium,NOT_FOUND,NOT_FOUND
B,Italy,Milan,NABA - Nuova Accademia di Belle Arti,private-accredited-by-state,Master of Arts in Visual Design and Integrated Marketing Communication,"Diploma Accademico di Secondo Livello in Communication Design, 120 CFA",NOT_FOUND,EN,24,120,October,22250 PRIOR_CYCLE,https://www.naba.it/en/postgraduate-application/tuition-fee-scholarships-financial-aid,NOT_FOUND,NOT_FOUND,https://www.naba.it/en/international-students,180,yes,"IELTS Academic or General overall 5.0, TOEFL iBT 45, Cambridge ESOL FCE/CAE/CPE overall 160, or PTE Academic 36-42",Admission test,NOT_FOUND,no,n/a,https://www.naba.it/en/postgraduate/communication-design-courses,NOT_FOUND,"Second-level academic diploma accredited by the Ministry, offered on the Milan and Rome campuses in Italian and English streams. Combines visual/communication design with marketing communication, which sits closer to the applicant's visual content practice than to pure film production.",2026-08-16,medium,NOT_FOUND,NOT_FOUND
B,Italy,Milan,Politecnico di Milano,public,Digital and Interaction Design,"Laurea Magistrale (equivalent to Master of Science), 120 CFU",School of Design,EN,24,120,September,3943.04 PRIOR_CYCLE,https://www.polimi.it/en/prospective-students/how-much-does-it-cost/laurea-laurea-magistrale-and-single-cycle-programmes,NOT_FOUND,2026-01-29 PRIOR_CYCLE,https://www.polimi.it/en/prospective-students/how-to-apply/admission-to-laurea-magistrale/foreign-qualification/deadlines,180,conditional,English language certificate at minimum B2 level (CEFR),"Merit ranking out of 100 points: 50 portfolio, 20 CV, 30 GPA",yes,no,"Not a quantitative filter: applicants with a foreign qualification need a bachelor (EQF 6) in design, architecture, engineering or information technologies; Italian qualifications additionally need 36 CFU in SSD CEAR-08/D and IINF-05",https://www.polimi.it/en/education/laurea-magistrale-programmes/programme-detail/digital-and-interaction-design,NOT_FOUND,"Entry is conditional: a Business Intelligence licence would have to be accepted under the information technologies heading, and the portfolio carries half the ranking score. The applicant's videography and editing practice is the relevant portfolio material.",2026-08-16,high,NOT_FOUND,NOT_FOUND
B,Italy,Milan,Politecnico di Milano,public,Communication Design,"Laurea Magistrale (equivalent to Master of Science), 120 CFU",School of Design,EN,24,120,September,3943.04 PRIOR_CYCLE,https://www.polimi.it/en/prospective-students/how-much-does-it-cost/laurea-laurea-magistrale-and-single-cycle-programmes,NOT_FOUND,2026-01-29 PRIOR_CYCLE,https://www.polimi.it/en/prospective-students/how-to-apply/admission-to-laurea-magistrale/foreign-qualification/deadlines,180,conditional,English language certificate at minimum B2 level (CEFR),Evaluation of academic records under the Teaching Regulations,NOT_FOUND,no,Not a quantitative filter: accepted first-cycle classes include Information Engineering and Computer Science provided at least 30 ECTS of relevant design coursework or equivalent competences are held; non-Italian degrees must be deemed equivalent to a first-level degree in design or a related field,https://www.polimi.it/en/education/laurea-magistrale-programmes/programme-detail/communication-design-1,NOT_FOUND,The programme runs Italian and English tracks; only the English track is within scope. Admission for a Business Intelligence licence depends on demonstrating 30 ECTS of design-relevant coursework or equivalent competences.,2026-08-16,medium,NOT_FOUND,NOT_FOUND
B,Malta,Msida,University of Malta,public,Master of Science in Digital Games,"M.Sc., MQF/EQF Level 7",Institute of Digital Games,EN,18,90,October,13400,https://www.um.edu.mt/courses/overview/pmscdtgftt3-2026-7-o/,NOT_FOUND,NOT_FOUND,NOT_FOUND,180,conditional,University of Malta English language requirements for international applicants,no,yes,no,no,https://www.um.edu.mt/courses/overview/pmscdtgftt3-2026-7-o/,NOT_FOUND,"Interactive-media masters with design-and-analysis and design-and-technology streams; 60 ECTS taught plus 30 ECTS dissertation over three full-time semesters. Accepts bachelor degrees in IT, Engineering, Communications, Humanities or Social Sciences and requires a portfolio of recent works plus a motivation letter; non-EU tuition EUR 13,400 in year 1 with no fee in year 2.",2026-08-16,medium,NOT_FOUND,NOT_FOUND
B,Netherlands,Amsterdam,Amsterdam University of the Arts (AHK) - Netherlands Film Academy,applied-sciences,Master of Film - Artistic Research in and through Cinema,Master of Film,Netherlands Film Academy,EN,24,120,NOT_FOUND,"8250 (2026-2027 institutional tuition fee, standard AHK master rate)",https://www.ahk.nl/en/study/during-your-study-programme/student-affairs/financial-matters/tuition-fees/,NOT_FOUND,2027-01-12,https://www.filmacademie.ahk.nl/en/master-of-film-artistic-research/master-of-film-artistic-research-in-and-through-cinema/application-admission/,NOT_FOUND,NOT_FOUND,"C1 English; no TOEFL/IELTS required, proficiency assessed through written application and interview",NOT_FOUND,yes,yes,n/a,https://www.filmacademie.ahk.nl/en/master-programmes/master-of-film-artistic-research-in-and-through-cinema/,"yes - orientation year (zoekjaar) permit, 1 year, free labour-market access; source https://ind.nl/en/residence-permits/work/residence-permit-for-orientation-year","Applications for the 2027-2029 intake close 12 January 2027; the school requires at least three to four years of professional practice with moving image, which the applicant does not currently evidence. Non-EU students pay two years of institutional fees.",2026-08-16,high,NOT_FOUND,NOT_FOUND
B,Netherlands,Amsterdam,Amsterdam University of Applied Sciences (AUAS/HvA),applied-sciences,Master Digital Design: Interaction Design,"Master (HBO master, Amsterdam University of Applied Sciences)",Faculty of Digital Media and Creative Industries,EN,NOT_FOUND,NOT_FOUND,NOT_FOUND,10648 (2026-2027 institutional tuition fee; programme not listed among the named exceptions),https://www.amsterdamuas.com/study/international-admissions/tuition-fees/tuition-fees,NOT_FOUND,2027-03-01,https://www.amsterdamuas.com/programmes/master-digital-design-interaction-design/enrolment,NOT_FOUND,NOT_FOUND,NOT_FOUND,NOT_FOUND,NOT_FOUND,NOT_FOUND,NOT_FOUND,https://www.amsterdamuas.com/programmes/master-digital-design-interaction-design,"yes - orientation year (zoekjaar) permit, 1 year, free labour-market access; source https://ind.nl/en/residence-permits/work/residence-permit-for-orientation-year","Applied-sciences master in interaction design, the production-oriented end of Track B. Non-EU deadline 1 March versus 1 May for EU applicants.",2026-08-16,medium,NOT_FOUND,NOT_FOUND
B,Netherlands,Rotterdam,"Rotterdam University of Applied Sciences - Willem de Kooning Academy, Piet Zwart Institute",applied-sciences,Master of Arts in Fine Art and Design: Lens-Based Media,"Master of Arts (MA) - registered in RIO, Isat 49114, Brin 22OJ",Willem de Kooning Academy / Piet Zwart Institute,EN,NOT_FOUND,NOT_FOUND,NOT_FOUND,13502 (2026-2027 non-EU/EEA annual tuition fee),https://www.rotterdamuas.com/programmes/master/lens-based-media/programme-costs/,NOT_FOUND,2027-02-15,https://www.pzwart.nl/application/,NOT_FOUND,NOT_FOUND,English proficiency in speaking and writing required; no test score published,NOT_FOUND,yes,no,n/a,https://www.pzwart.nl/lens-based/,"yes - orientation year (zoekjaar) permit, 1 year, free labour-market access; source https://ind.nl/en/residence-permits/work/residence-permit-for-orientation-year","Studio-based master in artistic and experimental still and moving image, directly relevant to the applicant's videography and editing practice. Non-EU applicants face a hard 15 February deadline, three months earlier than EU applicants.",2026-08-16,medium,NOT_FOUND,NOT_FOUND
B,Netherlands,Rotterdam,"Rotterdam University of Applied Sciences - Willem de Kooning Academy, Piet Zwart Institute",applied-sciences,Master of Arts in Fine Art and Design: Experimental Publishing,Master of Arts (MA),Willem de Kooning Academy / Piet Zwart Institute,EN,24,120,NOT_FOUND,13502 (2026-2027 non-EU/EEA annual tuition fee),https://www.rotterdamuas.com/programmes/master/lens-based-media/programme-costs/,NOT_FOUND,2027-02-15,https://www.pzwart.nl/application/,NOT_FOUND,NOT_FOUND,English proficiency in speaking and writing required; no test score published,NOT_FOUND,yes,no,n/a,https://www.rotterdamuas.com/programmes/master/experimental-publishing/,"yes - orientation year (zoekjaar) permit, 1 year, free labour-market access; source https://ind.nl/en/residence-permits/work/residence-permit-for-orientation-year",Two-year 120-ECTS master on post-digital publishing and networked media; combines the applicant's coding skills with media production. Non-EU deadline 15 February.,2026-08-16,medium,NOT_FOUND,NOT_FOUND
B,Netherlands,Breda,Breda University of Applied Sciences (BUas),applied-sciences,Master Media Innovation,Master of Arts (MA),Academy for Media and User Experience,EN,12,60,September,17250 (2026-2027 institutional tuition fee for non-EU/EEA students),https://www.buas.nl/en/programmes/master-media-innovation/study-costs,NOT_FOUND,2027-08-15,https://www.buas.nl/en/programmes/master-media-innovation,NOT_FOUND,NOT_FOUND,NOT_FOUND,NOT_FOUND,no,no,no technical or programming background required,https://www.buas.nl/en/programmes/master-media-innovation,"yes - orientation year (zoekjaar) permit, 1 year, free labour-market access; source https://ind.nl/en/residence-permits/work/residence-permit-for-orientation-year","One-year 60-ECTS media master accepting bachelors in business administration, media, communication or IT, so the applicant's Business Intelligence licence is an explicitly listed background. Graduation project is a media concept with a working prototype.",2026-08-16,high,NOT_FOUND,NOT_FOUND
B,Netherlands,Rotterdam,Erasmus University Rotterdam,public,Master Media & Business (MA Media Studies),Master of Arts (MA),"Erasmus School of History, Culture and Communication (ESHCC)",EN,12,60,September,21000 (2026/27 ESHCC institutional fee) PRIOR_CYCLE,https://www.eur.nl/en/education/practical-matters/registration/tuition-fee/tuition-fee-2026-2027,NOT_FOUND,2027-04-15,https://www.eur.nl/en/master/media-business/application,NOT_FOUND,NOT_FOUND,IELTS Academic 7.0 overall with 6.5 subscores; TOEFL iBT 100 overall with 23 subscores; test less than two years old,NOT_FOUND,n/a,no,NOT_FOUND,https://www.eur.nl/en/master/media-business,"yes - orientation year (zoekjaar) permit, 1 year, free labour-market access; source https://ind.nl/en/residence-permits/work/residence-permit-for-orientation-year",Media-and-organisations master bridging the applicant's business background with media; a pre-master is required where the prior degree does not align with the specialisation. IELTS 7.0 is the highest English bar found in this territory.,2026-08-16,high,NOT_FOUND,NOT_FOUND
B,Netherlands,Maastricht,Maastricht University,public,MA Media Studies: Digital Cultures,Master of Arts (MA),Faculty of Arts and Social Sciences (FASoS),EN,12,NOT_FOUND,September,21500 (2026/27 institutional fee) PRIOR_CYCLE,https://www.maastrichtuniversity.nl/file/overzicht-instellingstarieven-bachelors-en-masters-2026-270pdf,NOT_FOUND,2027-05-01,https://www.maastrichtuniversity.nl/education/master/programmes/media-studies-digital-cultures,NOT_FOUND,NOT_FOUND,NOT_FOUND,NOT_FOUND,n/a,no,NOT_FOUND,https://www.maastrichtuniversity.nl/education/master/programmes/media-studies-digital-cultures,"yes - orientation year (zoekjaar) permit, 1 year, free labour-market access; source https://ind.nl/en/residence-permits/work/residence-permit-for-orientation-year","One-year MA on digital media cultures, analytical rather than production-oriented. A pre-master exists for applicants whose bachelor does not match.",2026-08-16,medium,NOT_FOUND,NOT_FOUND
B,Netherlands,Leiden,Leiden University,public,Creative Intelligence & Technology (previously Media Technology),Master of Science — programme code 60206,Faculty of Science,EN,24,120,"September, February",22500 (institutional fee 2026-2027; 2694 statutory for EU/EEA),https://www.universiteitleiden.nl/en/education/study-programmes/master/creative-intelligence--technology/admission-and-application/tuition-fees,NOT_FOUND,2027-04-01,https://www.universiteitleiden.nl/en/education/study-programmes/master/creative-intelligence--technology,NOT_FOUND,conditional,NOT_FOUND,NOT_FOUND,no,no,NOT_FOUND,https://www.universiteitleiden.nl/en/education/study-programmes/master/creative-intelligence--technology,NOT_FOUND,"Resolves the Media Technology question: renamed, not abolished. Markets itself as open to any prior bachelor field, which makes it one of the few Track B routes not gated on a media degree.",2026-08-16,high,NOT_FOUND,NOT_FOUND
B,Netherlands,Amsterdam,University of Amsterdam,public,Master New Media and Digital Culture (Media Studies),Master of Arts (MA),Faculty of Humanities,EN,12,60,September,"25900 (2026/27 institutional fee, one-year Humanities master) PRIOR_CYCLE",https://www.uva.nl/en/education/fees-and-funding/tuition-fees/tuition-fees.html,NOT_FOUND,2026-03-01 PRIOR_CYCLE,https://www.uva.nl/shared-content/programmas/en/masters/new-media-and-digital-culture-media-studies/application-and-admission/application-and-admission.html,180,conditional,advanced academic level; exemption criteria and accepted tests on the Graduate School of Humanities page,NOT_FOUND,n/a,no,NOT_FOUND,https://www.uva.nl/shared-content/programmas/en/masters/new-media-and-digital-culture-media-studies/new-media-and-digital-culture.html,"yes - orientation year (zoekjaar) permit, 1 year, free labour-market access; source https://ind.nl/en/residence-permits/work/residence-permit-for-orientation-year","Entry requires a humanities or social-sciences bachelor with at least 60 ECTS specifically in media, culture and information, which the applicant's Business Intelligence licence does not supply. Non-EU deadline is 1 March, ten weeks earlier than the Dutch deadline.",2026-08-16,high,NOT_FOUND,NOT_FOUND
B,Poland,Warsaw,Polish-Japanese Academy of Information Technology (PJAIT/PJATK),private-accredited-by-state,"Graphic Design and Multimedia Art (second-cycle, full-time, English-language)","Master's degree, second-cycle",Faculty of New Media Art,EN,18,NOT_FOUND,10,6037 (2600 PLN per month over 5 months per semester = 26000 PLN per year; ECB rate 4.3068 PLN/EUR of 2026-08-14) PRIOR_CYCLE,https://pja.edu.pl/en/projektowanie-graficzne-i-sztuka-multimediow/oplaty-za-studia/,NOT_FOUND,2026-09-30,https://pja.edu.pl/en/projektowanie-graficzne-i-sztuka-multimediow/projektowanie-graficzne-i-sztuka-multimediow-studia-ii-stopnia-stacjonarne-anglojezyczne/o-kierunku/,NOT_FOUND,NOT_FOUND,Taught in English; no certificate threshold published on the programme page,Portfolio consultation and interview (online for candidates abroad),yes,no,NOT_FOUND,https://pja.edu.pl/en/projektowanie-graficzne-i-sztuka-multimediow/projektowanie-graficzne-i-sztuka-multimediow-studia-ii-stopnia-stacjonarne-anglojezyczne/o-kierunku/,NOT_FOUND,"Three-semester multimedia/new-media art master covering XR, VR and AR; 70 percent fine arts, 30 percent computer science. Portfolio-driven admission suits the applicant's videography practice.",2026-08-16,medium,NOT_FOUND,NOT_FOUND
B,Portugal,Lisbon,Universidade Lusofona - Centro Universitario de Lisboa,private-accredited-by-state,Masters Animation Arts,"Mestrado - Portuguese second-cycle master's degree, DGES registry R/A-Cr 103/2015/AL02 (accredited)","School of Communication, Architecture, Arts and Information Technologies (ECATI)",EN,24,120,NOT_FOUND,NOT_FOUND,https://www.ulusofona.pt/en/lisboa/masters/animation-arts,NOT_FOUND,2026-09-01 PRIOR_CYCLE,https://www.ulusofona.pt/en/lisboa/masters/animation-arts,180,yes,NOT_FOUND,none stated,yes,no,None; previous artistic training preferred,https://www.ulusofona.pt/en/lisboa/masters/animation-arts,NOT_FOUND,"Selection is 25% prior grade and 75% interview plus curriculum/portfolio, so the applicant's video and visual-content work is the decisive input. Only per-ECTS (EUR 11.18) and monthly (EUR 335.40 per 30 ECTS) figures are published, not an annual total.",2026-08-16,medium,NOT_FOUND,NOT_FOUND
B,Portugal,Lisbon,Universidade Lusofona - Centro Universitario de Lisboa,private-accredited-by-state,Masters Documentary Film Making,"Mestrado - Portuguese second-cycle master's degree, DGES registry R/A-Cr 70/2024/AL01 (accredited)","School of Communication, Architecture, Arts and Information Technologies (ECATI)",EN,24,120,NOT_FOUND,NOT_FOUND,https://www.ulusofona.pt/en/lisboa/masters/documentary-film-making,NOT_FOUND,2026-09-01 PRIOR_CYCLE,https://www.ulusofona.pt/en/lisboa/masters/documentary-film-making,180,yes,NOT_FOUND,none stated,NOT_FOUND,no,None; entry open to holders of a first-cycle degree or recognised professional experience,https://www.ulusofona.pt/en/lisboa/masters/documentary-film-making,NOT_FOUND,"Fully English-taught documentary production master accepting Bologna first-cycle degrees, which fits the 180-ECTS Licence. The published tuition table shows 0 EUR per ECTS, so no fee has actually been posted for this programme.",2026-08-16,medium,NOT_FOUND,NOT_FOUND
B,Portugal,Lisbon,Universidade Lusofona - Centro Universitario de Lisboa,private-accredited-by-state,Master in Sound Production and Technologies,"Mestrado - Portuguese second-cycle master's degree, DGES registry R/A-Cr 34/2018/AL01 (accredited)","School of Communication, Architecture, Arts and Information Technologies (ECATI)",EN,24,120,NOT_FOUND,NOT_FOUND,https://www.ulusofona.pt/en/lisboa/masters/sound-production-and-technology,NOT_FOUND,2026-09-01 PRIOR_CYCLE,https://www.ulusofona.pt/en/lisboa/masters/sound-production-and-technology,180,yes,NOT_FOUND,none stated,yes,no,None; first-cycle degree or recognised educational/professional background accepted,https://www.ulusofona.pt/en/lisboa/masters/sound-production-and-technology,NOT_FOUND,"Directly matches the applicant's music-production practice, with portfolio and interview weighted at 75% of selection. Only per-ECTS (EUR 12.68) and monthly (EUR 380.40 per 30 ECTS) figures are published, not an annual total.",2026-08-16,medium,NOT_FOUND,NOT_FOUND
B,Portugal,Lisbon,Universidade Lusofona - Centro Universitario de Lisboa,private-accredited-by-state,Master in Game Design and Playable Media,"Mestrado - Portuguese second-cycle master's degree, DGES registry R/A-Cr 180/2021 (accredited)","School of Communication, Architecture, Arts and Information Technologies (ECATI)",EN,24,120,NOT_FOUND,NOT_FOUND,https://www.ulusofona.pt/en/lisboa/masters/game-design-and-playful-media,NOT_FOUND,2026-09-01 PRIOR_CYCLE,https://www.ulusofona.pt/en/lisboa/masters/game-design-and-playful-media,180,yes,NOT_FOUND,none stated,yes,no,None; bachelor's degree or legal equivalent required,https://www.ulusofona.pt/en/lisboa/masters/game-design-and-playful-media,NOT_FOUND,"Interactive-media route in English combining design and playable media, adjacent to the applicant's visual-content practice. Only per-ECTS (EUR 11.18) and monthly (EUR 335.40 per 30 ECTS) figures are published, not an annual total.",2026-08-16,medium,NOT_FOUND,NOT_FOUND
B,Romania,Cluj-Napoca,Babes-Bolyai University (UBB),public,Documentary Filmmaking,Master's degree,Faculty of Theatre and Film,EN,24,120,10,NOT_FOUND,NOT_FOUND,NOT_FOUND,NOT_FOUND,NOT_FOUND,180,NOT_FOUND,NOT_FOUND,NOT_FOUND,NOT_FOUND,no,NOT_FOUND,https://www.ubbcluj.ro/en/programe_academice/masterat/,NOT_FOUND,"Documentary production master in the Faculty of Theatre and Film, listed as English-language, full-time, 120 credits. Non-EU tuition is published only through a faculty/year dropdown that could not be resolved.",2026-08-16,low,NOT_FOUND,NOT_FOUND
B,Romania,Cluj-Napoca,Babes-Bolyai University (UBB),public,Digital Interactive Arts,Master's degree,Faculty of Theatre and Film,EN,24,120,10,NOT_FOUND,NOT_FOUND,NOT_FOUND,NOT_FOUND,NOT_FOUND,180,NOT_FOUND,NOT_FOUND,NOT_FOUND,NOT_FOUND,no,NOT_FOUND,https://www.ubbcluj.ro/en/programe_academice/masterat/,NOT_FOUND,"Interactive/digital arts master in the Faculty of Theatre and Film, listed as English-language, full-time, 120 credits. Non-EU tuition is published only through a faculty/year dropdown that could not be resolved.",2026-08-16,low,NOT_FOUND,NOT_FOUND
B,Romania,Cluj-Napoca,Babes-Bolyai University (UBB),public,Film and Audiovisual Studies (in English),Master's degree,Faculty of Theatre and Film,EN,24,120,10,NOT_FOUND,NOT_FOUND,NOT_FOUND,NOT_FOUND,NOT_FOUND,180,NOT_FOUND,NOT_FOUND,NOT_FOUND,NOT_FOUND,no,NOT_FOUND,https://www.ubbcluj.ro/en/programe_academice/masterat/,NOT_FOUND,"Film and audiovisual master in the Faculty of Theatre and Film, listed as English-language, full-time, 120 credits; studies rather than production orientation. Non-EU tuition is published only through a faculty/year dropdown that could not be resolved.",2026-08-16,low,NOT_FOUND,NOT_FOUND
B,Spain,Madrid,IE University - IE Business School,private-accredited-by-state,"Master in Creative Direction, Content & Branding","Master Universitario Oficial en Creacion y Gestion de Medios Visuales / Visual Media: Creation and Management (official state degree, BOE-A-2014-9664)",IE Business School,EN,10,60,September,37000,https://www.ie.edu/business-school/programs/masters/master-in-creative-direction-content-branding/admissions-fees/,NOT_FOUND,NOT_FOUND,https://www.ie.edu/business-school/programs/masters/master-in-creative-direction-content-branding/admissions-fees/,NOT_FOUND,yes,TOEFL 100 (105 recommended) or IELTS 7.0 (7.5 recommended) or Duolingo 130 or Cambridge C1; waived if the previous degree was taught in English,"ieGAT, GMAT or GRE required",no,no,None stated,https://www.ie.edu/business-school/programs/masters/master-in-creative-direction-content-branding/,"yes - 24-month non-renewable job-search residence permit for holders of a Spanish EQF Level 6+ degree (Hoja 20, Ministerio de Inclusion): https://www.inclusion.gob.es/web/migraciones/w/20.-autorizacion-de-residencia-para-busqueda-de-empleo-o-inicio-de-proyecto-empresarial","Covers multi-format visual and digital media project development, storytelling and content production, matching the applicant's videography and video-editing practice. Optional three-month career specialisation costs a further EUR 6,000.",2026-08-16,medium,NOT_FOUND,NOT_FOUND
B,Spain,Barcelona,Universitat Pompeu Fabra,public,Master in Sound and Music Computing (Master Universitari en Tecnologies del So i de la Musica),Master Universitari Oficial,Department of Engineering - Music Technology Group,EN,12,60,September,5749.80,https://www.upf.edu/en/web/masters/preus,NOT_FOUND,2026-08-23 PRIOR_CYCLE,https://www.upf.edu/web/masters/calendari-de-preinscripcio,180,yes,B2 English required; UPF non-accrediting level test accepted in place of a certificate,none required,no,no,"Degrees from any academic field accepted; programme covers audio signal processing, machine learning and interactive systems",https://www.upf.edu/web/smc,"yes - 24-month non-renewable job-search residence permit for holders of a Spanish EQF Level 6+ degree (Hoja 20, Ministerio de Inclusion): https://www.inclusion.gob.es/web/migraciones/w/20.-autorizacion-de-residencia-para-busqueda-de-empleo-o-inicio-de-proyecto-empresarial","Non-EU rate is EUR 93.50 per credit (EUR 5,749.80 for 60 ECTS, admin taxes included), plus a EUR 218.15 charge for holders of a non-homologated non-EU degree. Machine-learning content overlaps the applicant's Python/scikit-learn skills and the programme covers music production and transformation.",2026-08-16,high,NOT_FOUND,NOT_FOUND
B,Sweden,Malmo,Malmo University,public,"Media and Communication Studies: Culture, Collaborative Media, and Creative Industries, Master's programme (Two-Year)",Master's degree (120 credits),"Faculty of Culture and Society, School of Arts and Communication",EN,24,120,August,10001 (SEK 110000/yr; SEK 220000 total programme fee),https://mau.se/en/education/tuition-fees/,11547 (SEK 127008/yr = SEK 10584/month Migrationsverket self-support requirement) PRIOR_CYCLE,2027-01-15,https://mau.se/en/study-education/programme/hamkv/,180,conditional,English 6 (Swedish upper-secondary level),NOT_FOUND,yes,no,NOT_FOUND,https://mau.se/en/study-education/programme/hamkv/,NOT_FOUND,"Requires a 180-credit bachelor in social sciences, humanities, arts or design; media production and graphic design backgrounds are listed as relevant. Selection uses a letter of intent, an experience document and work samples.",2026-08-16,high,NOT_FOUND,NOT_FOUND
B,Sweden,Malmo,Malmo University,public,"Media Technology: Strategic Media Development, Master's programme (Two-Year)",Master's degree (120 credits),"Faculty of Technology and Society, Department of Computer Science and Media Technology",EN,24,120,August,14319 (SEK 157500/yr; SEK 315000 total programme fee),https://mau.se/en/education/tuition-fees/,11547 (SEK 127008/yr = SEK 10584/month Migrationsverket self-support requirement) PRIOR_CYCLE,2027-01-15,https://mau.se/en/study-education/programme/tasme/,180,conditional,English 6 / English level 2,NOT_FOUND,no,no,NOT_FOUND,https://mau.se/en/study-education/programme/tasme/,NOT_FOUND,"Requires a 180-credit bachelor in media technology or a related field such as computer science, informatics, interaction design, game development or media studies. Autumn 2027 intake starts 30 August 2027.",2026-08-16,high,NOT_FOUND,NOT_FOUND
B,Sweden,Stockholm,KTH Royal Institute of Technology,public,Master's Programme in Interactive Media Technology,Master of Science (120 credits),School of Electrical Engineering and Computer Science,EN,24,120,August,16365 (SEK 180000/yr; SEK 360000 total programme fee),https://www.kth.se/en/studies/master/interactive-media-technology/fees-interactive-media-technology-1.909979,11547 (SEK 127008/yr = SEK 10584/month Migrationsverket self-support requirement) PRIOR_CYCLE,2027-01-15,https://www.kth.se/en/studies/master/interactive-media-technology,180,yes,English 6 / English level 2; IELTS 6.5 or equivalent TOEFL,"Letter of motivation under 500 words, two letters of recommendation and a programme summary sheet",no,no,"A basic programming course and a foundational human-computer interaction course; algorithms, data structures or mathematics may be conditionally required",https://www.kth.se/en/studies/master/interactive-media-technology,NOT_FOUND,Autumn 2027 application window is 16 October 2026 to 15 January 2027 with documents due 1 February 2027. Entry rests on programming and HCI coursework rather than an artistic portfolio.,2026-08-16,high,NOT_FOUND,NOT_FOUND
B,Switzerland,Geneva,"HEAD - Geneve, Haute ecole d'art et de design (HES-SO)",applied-sciences,Master en Media Design,Master of Arts HES-SO en Design avec orientation en Media Design,HEAD - Geneve / HES-SO,FR,24,120,September,"2408 (CHF 1,125 per semester for international students, CHF 2,250 per year; Swiss rate CHF 775 per semester; plus CHF 150 admission fee per programme)",https://www.admissions-head.ch/faq,NOT_FOUND,2026-03-23 PRIOR_CYCLE (registrations opened 17 November 2025 and closed 23 March 2026 at 17:00),https://www.admissions-head.ch/faq,NOT_FOUND,NOT_FOUND,NOT_FOUND,"Admission interview, which may be held by videoconference for candidates outside Switzerland",NOT_FOUND,no,"Bachelor-level university or HES diploma or a foreign qualification deemed equivalent; no technical prerequisite, but experience in digital design, creative coding, 3D modelling or game design is an advantage",https://www.hesge.ch/head/formations-recherche/master-en-media-design,6-month permit to seek employment after graduation (Switzerland),"French-language media design master covering interaction design, games and digital cultures; the applicant's French fluency makes this accessible. Deadline sits roughly six months before the intake.",2026-08-16,medium,NOT_FOUND,NOT_FOUND
B,Switzerland,Zurich,Zurcher Hochschule der Kunste (ZHdK),applied-sciences,"MA Design, Major Interaction Design",Master of Arts in Design,NOT_FOUND,EN,24,120,September,2440 CHF (1220 CHF per semester for non-Swiss; 720 CHF per semester Swiss),https://www.zhdk.ch/en/degree-programmes/design/ma-design-interaction-design,NOT_FOUND,2027-02-27 (2026 date was 27 February; expect late February 2027),NOT_FOUND,NOT_FOUND,conditional,NOT_FOUND,NOT_FOUND,yes,no,NOT_FOUND,https://www.zhdk.ch/en/degree-programmes/design/ma-design-interaction-design,NOT_FOUND,Resolves the ZHdK question: this major is explicitly English-taught. ZHdK's six MA Film majors publish in German and are treated as German-taught. Very low fee for Switzerland.,2026-08-16,high,NOT_FOUND,NOT_FOUND
B,Switzerland,Lausanne,ECAL - Ecole cantonale d'art de Lausanne,applied-sciences,Master Digital Experience Design,Master of Arts HES-SO in Design with specialization in Digital Experience Design,ECAL / HES-SO,EN,24,120,September,"3312 (CHF 3,095 per year for foreign students not domiciled in Switzerland, comprising CHF 2,100 course fees, CHF 150 enrolment, CHF 820 materials, CHF 25 insurance; Swiss rate CHF 2,395)",https://ecal.ch/en/admissions/master/fees-tuition/,NOT_FOUND,NOT_FOUND,https://ecal.ch/en/admissions/master/requirements-portfolio/,NOT_FOUND,NOT_FOUND,NOT_FOUND,NOT_FOUND,yes,no,"Bachelor in digital design, computer science or communication systems; basic to intermediate programming skills (HTML, CSS, JavaScript or web frameworks) expected; portfolio of creative and technical projects required",https://ecal.ch/en/courses-and-research/master/digital-experience-design/,6-month permit to seek employment after graduation (Switzerland),"English-taught HES-SO master's in interactive/digital media at a state art school, with total fees below CHF 3,100 a year. Programming expectation is met by the applicant's Python background.",2026-08-16,medium,NOT_FOUND,NOT_FOUND
B,Switzerland,Lausanne; Geneva,ECAL and HEAD - Geneve (HES-SO),applied-sciences,Master Film Studies ECAL-HEAD,"Master of Arts HES-SO in Film, major in Direction, Scenario, Editing, Sound or Production",ECAL / HEAD - HES-SO,EN/FR,24,120,"September (admission competition every two years, next in 2026)","3590 (CHF 3,355 per year for foreign students not domiciled in Switzerland; Swiss rate CHF 2,655)",https://ecal.ch/en/admissions/master/fees-tuition/,NOT_FOUND,NOT_FOUND,https://ecal.ch/en/admissions/master/requirements-portfolio/,NOT_FOUND,NOT_FOUND,NOT_FOUND,NOT_FOUND,yes,no,"Bachelor's degree or equivalent professional experience in a film-related field; portfolio required; students specialise in Direction, Scenario, Editing, Sound or Production",https://ecal.ch/en/courses-and-research/master/film-studies/,6-month permit to seek employment after graduation (Switzerland),"Production-track film master taught in French and English, so the applicant's French fluency is usable. Intake runs only every second year, which constrains timing.",2026-08-16,medium,NOT_FOUND,NOT_FOUND
B,Switzerland,Lugano,Universita della Svizzera italiana (USI),public,Master in Media Management,Master of Science,"Faculty of Communication, Culture and Society",EN,24,120,September; February,"8560 (CHF 4,000 per semester, CHF 8,000 per year, for students without Swiss or Liechtenstein residence at the time of their secondary diploma; reduced rate CHF 2,000 per semester)",https://www.usi.ch/en/education/master/media-management/fees-and-grants,NOT_FOUND,"2026-04-30 PRIOR_CYCLE (30 April for non-EU/EFTA candidates, autumn 2026 intake; 31 October 2026 for the spring 2027 intake)",https://www.usi.ch/en/education/master/media-management/application,180,yes,"B2+ CEFR; IELTS 6.5, TOEFL iBT 85, Cambridge First grade B or TOEIC 860/170/170",NOT_FOUND,no,no,"Bachelor of at least three years and 180 ECTS in communication, human or social sciences; university-of-applied-sciences bachelors are admitted with 30 to 60 ECTS of additional coursework",https://www.usi.ch/en/education/master/media-management,6-month permit to seek employment after graduation (Switzerland),"Explicit 180-ECTS rule and a separate, earlier non-EU deadline. Media-industry management rather than hands-on production, so it is a partial fit for the videography practice.",2026-08-16,high,NOT_FOUND,NOT_FOUND
