scholarship_name,funder,level,countries_covered,institutions_covered,tracks_eligible,covers,amount_eur_year,duration_covered,tunisia_eligible,other_eligibility,deadline,deadline_relative_to,application_route,url,verified_date,confidence
ESMT Panzer Scholarship,ESMT Berlin (Panzer / TSH Talent Foundation),institutional,Germany,ESMT Berlin,A,partial,35000 (per scholarship; two available),NOT_FOUND,yes,"Eligibility clause: 'restricted to candidates applying to ESMT Master programs who: are aged 30 or younger; are both a citizen and current resident of a country in Africa; have founded a business or social enterprise'. Tunisia is a country in Africa, so a Tunisian citizen resident in Tunisia meets the nationality/residence test; the founder requirement is the binding condition. Recipients may also be considered for the TSH Talent Foundation Changemaker Scholarship Program (10 months of housing in Berlin plus mentorship).",NOT_FOUND,Submitted with the admission application - the scholarship essay is part of the ESMT online application,apply via university (scholarship essay inside the online admission application),https://esmt.berlin/master-programs/scholarships-financing,2026-08-16,high
IE School of Science and Technology Dean's Award,IE University,institutional,Spain,IE University - IE School of Science and Technology,A,partial,30100 (70% of tuition; IE School of Science and Technology master fee 43000 EUR/year),Duration of the programme,yes,"Nationality: all nationalities; country of residence: all countries. Minimum GPA 3.8/4, 4.75/5 or 9.5/10. One annual award.",NOT_FOUND,"Granted automatically upon admission - assessed from the admission application, so the effective deadline is the programme admission round deadline",apply via university (Direct Award - no separate financial aid application),https://www.ie.edu/financial-aid/masters/awardsandscholarships/,2026-08-16,high
UCD Global Excellence Scholarship,University College Dublin,institutional,Ireland,University College Dublin,both,tuition,26180 (100% tuition fee scholarship) or 13090 (50%); UCD non-EU master fee 26180 EUR/year,One academic year - not automatically renewed for continuing students,yes,Eligibility clause: 'ONLY open to incoming students who are classed as non-EU for tuition fee purposes'; the applicant must first hold an offer or conditional offer for an eligible UCD course (an Eligible Programmes list applies and some programmes are excluded). Tunisia appears in the country filter for this scholarship on the UCD Global scholarships listing.,"2026-02-28 PRIOR_CYCLE for graduate taught applicants from the Middle East, Africa and Pakistan regions (all other regions 2026-03-31)","After receiving a programme offer, but the Africa-region deadline is a MONTH EARLIER than the general deadline, and UCD warns it cannot guarantee that admission applications will be processed before the scholarship deadline - so the programme application must be submitted well before 28 February",apply via university (separate online scholarship application after an offer),https://www.ucd.ie/global/study-at-ucd/scholarshipsfinances/scholarships/globalexcellencescholarships/,2026-08-16,high
IE Business School Dean's Award,IE University,institutional,Spain,IE University - IE Business School,B,partial,25900 (70% of tuition; IE Business School master fee 37000 EUR/year),Duration of the programme,yes,"Nationality: all nationalities; country of residence: all countries. Minimum GPA 3.8/4, 4.75/5 or 9.5/10. Two awards per year (Spring and Fall intakes).",NOT_FOUND,"Granted automatically upon admission - assessed from the admission application, so the effective deadline is the programme admission round deadline",apply via university (Direct Award - no separate financial aid application),https://www.ie.edu/financial-aid/masters/awardsandscholarships/,2026-08-16,high
VU Fellowship Programme (VUFP),Vrije Universiteit Amsterdam,institutional,Netherlands,Vrije Universiteit Amsterdam,A,tuition,"24150 (merit-based tuition fee waiver; 2026/27 non-EEA institutional fee 24150 EUR. Covers tuition only, not living costs)",The master's programme,yes,Requires a non-EEA passport with no entitlement to the lower statutory rate; a GPA at least equivalent to a Dutch 8.0; conditional or unconditional admission to a full-time English-taught master's starting September; the degree must not have been obtained in the Netherlands; and the applicant must not currently be enrolled in a Dutch bachelor's or master's. Can be combined with the NL Scholarship (5000 or 10000 EUR for the entire study period).,2026-02-01 23:59 CET (VUFP application; opens 2025-11-01). Advised master's programme application deadline 2025-12-01. Results mid-March 2026; acceptance by end of March 2026.,After registering for the master's programme via Studielink - the VUFP form is submitted through the VU personal dashboard; the advised programme deadline is two months before the scholarship deadline,apply via university (separate VUFP application via the VU dashboard),https://vu.nl/en/education/more-about/incoming-master-scholarships,2026-08-16,high
RSM non-EEA Scholarship of Excellence (MSc),"Rotterdam School of Management, Erasmus University",institutional,Netherlands,Erasmus University Rotterdam (Rotterdam School of Management),A,partial,23106 (waiver of the difference between the non-EEA fee of 25800 EUR and the statutory fee of 2694 EUR in 2026-2027),"One academic year, maximum 12 months",yes,"Eligibility clause: 'Your nationality is non-EEA'; open to prospective MSc students from all non-EEA countries who do not already hold a degree from a Netherlands institution. Requires a GMAT or GRE score, English language test results, and a completed Scholarship Financial Assessment Form. Recipients must serve as an RSM Ambassador for about 8 hours a month during the academic year. Applicants cannot choose a specific scholarship - RSM assigns it.",2026-03-01 (all RSM MSc programmes; 2026-01-31 for MSc International Management/CEMS). Window opens 2025-10-01. Committee decides 2026-04-15.,Submitted alongside the programme application in OLAF; the scholarship application must be complete (GMAT/GRE included) by the scholarship deadline,apply via university (scholarship section of the OLAF admission application),https://www.rsm.nl/education/scholarships/msc-scholarships/rsm-non-eea-scholarship-of-excellence-msc/,2026-08-16,high
International Scholarships for NABA Masters of Arts and Academic Masters,NABA - Nuova Accademia di Belle Arti,institutional,Italy,NABA - Nuova Accademia di Belle Arti,B,partial,NOT_FOUND (the call states 'partial tuition fee coverage'; NABA non-EU master fee is 22250 EUR/year PRIOR_CYCLE),NOT_FOUND,yes,Scholarship competition explicitly 'tailored for students wishing to enrol in a NABA Master of Arts or Academic Master at the Milan or Rome campuses' and launched to 'support highly motivated and talented International students' - no nationality exclusion. For programmes starting October 2026.,2026-02-26 (for the October 2026 intake),Separate scholarship competition run in parallel with admission; deadline falls well before the programme start and before most enrolment deadlines,apply via university (separate scholarship competition application),https://www.naba.it/en/news-events/international-scholarships,2026-08-16,medium
Maastricht University NL-High Potential Scholarship,"Maastricht University Scholarship Fund and Dutch Ministry of Education, Culture and Science",institutional,Netherlands,Maastricht University,both,tuition+stipend,21500 tuition fee waiver plus 20150 living expenses for 13 months plus 700 health and liability insurance (2026-2027 figures; amounts subject to change for 2027-2028),13 months (one-year master's) or 25 months (two-year master's),yes,"Eligibility clause: 'You hold a nationality in a country outside the EU/EEA, Switzerland or Surinam' and must not hold dual EU/EEA or Swiss nationality; must meet visa and residence-permit requirements. 21 scholarships per year; only about 2% of applicants are awarded. Only master's programmes on the published participating-programmes list are eligible. One application only, for one scholarship only. Accepting the scholarship means accepting an allocated UM room, and a two-week Pre-Academic Training in August is mandatory.","2026-02-01 scholarship deadline PRIOR_CYCLE, but the master's programme application via Studielink must be submitted by 8 December - and all admission requirements must be met by 1 February. For 2027-2028 applications open from 1 October 2026.","Two-stage and the earlier stage is the trap: apply for the programme through Studielink by 8 December to obtain a student ID, then submit the scholarship form by 1 February",apply via university (separate scholarship application form after programme registration),https://www.maastrichtuniversity.nl/studeren/toelating-inschrijving/financing-your-studies/scholarships/maastricht-university-nl-high,2026-08-16,high
Aalto University Excellence Scholarship,Aalto University,institutional,Finland,Aalto University,both,tuition,20000 (full tuition fee waiver; Aalto non-EU master fee 20000 EUR/year). Does not cover living costs.,The normative study period of the degree (two years for a master's),yes,"Eligibility clause: only students who are liable to pay tuition fees - i.e. non-EU/EEA/Swiss citizens - may apply; EU/EEA citizens are explicitly ineligible. Merit-based, granted competitively to the highest-achieving applicants against the programme's evaluation criteria; individual programmes may decide not to grant any scholarship. Candidates are screened against EU sanctions lists.",The master's admission application deadline - 'Scholarship must be applied during the application period. You cannot apply for a scholarship after the application period.',Inside the admission application - the scholarship application is part of the application form for admission; the decision is given at the same time as the admission decision,apply via university (tick the scholarship option in the admission application form),https://www.aalto.fi/en/admission-services/scholarships-and-tuition-fees,2026-08-16,high
Esade MSc Need-based Scholarship,Esade Business School - Universitat Ramon Llull,institutional,Spain,Esade Business School - Universitat Ramon Llull,A,partial,19500-33150 (50%-85% of the 39000 EUR one-year MSc tuition fee),One-year MSc programme,yes,Clause: 'Financial aid is open to all applicants once admitted to the MSC Program' - no nationality restriction. Requires an above-average Admissions Test score and evaluation of family household financial circumstances with supporting economic documents. Not compatible with other Esade prizes or awards.,NOT_FOUND (2026-2027 scholarship call guidelines published as a PDF),After admission - open to applicants once admitted to the MSc; Esade encourages submitting the aid request together with the initial MSc application,apply via university (separate scholarship application form plus financial documentation),https://www.esade.edu/master-of-science/en/fees-and-financing,2026-08-16,high
Bocconi Graduate Merit Award,Universita Commerciale Luigi Bocconi,institutional,Italy,Universita Commerciale Luigi Bocconi,A,tuition,18550 (100% waiver of Bocconi ordinary academic tuition and fees; non-EU MSc fee 18550 EUR/year),Entire legal duration of the MSc (renewed for year 2 if at least 50 credits are earned by 10 September 2027),yes,"Regulation states awards go to 'Academic profiles considered to be amongst the top applicants (International, Italian and Bocconi)' - no nationality restriction; international candidates are an explicit award category. Evaluation is primarily on academic achievement plus the full admissions dossier.",NOT_FOUND (tied to the admission round deadlines; the majority of awards are allocated in the first relevant rounds),"Automatic from the admission application - 'A separate application will not be required'; the award is communicated together with the admission result, and applying in an early round materially increases the chance of an award",apply via university (automatic on admission; online scholarship acceptance must be completed within the enrolment deadline),https://www.unibocconi.it/en/applying-bocconi/master-science-and-ma-programs/funding/bocconi-graduate-merit-awards-ay-2026-27,2026-08-16,high
EIT Digital Master School tuition fee waiver (full or half),EIT Digital / EIT Digital Education Foundation - European Institute of Innovation and Technology (EU body),EU,"Finland, Sweden, Netherlands, Italy, France, Germany, Spain, Estonia, Hungary and other partner-university countries (partner list also includes METU in Turkey, which the applicant would need to avoid as a study location)","EIT Digital Master School double-degree programmes, including Data Science, Human-Computer Interaction and Design with Extended Reality, FinTech, Master of Business Excellence, Cyber Security, Autonomous Systems and Intelligent Robots, Cloud and Networking Infrastructure and HPC, Intelligent Chips and Systems, Artificial Intelligence with Affective Computing",both,tuition,18000,Full two-year duration of the programme,"yes - the merit-based full and half tuition fee waivers are listed on the fees page as 'Available to: All students'; note the separate Scholarships of Excellence, which add a living allowance, are listed as 'Available to: Citizens of EU/EEA countries' and are therefore closed to a Tunisian applicant","Bachelor of minimum 180 ECTS from an internationally recognised university, in a field relevant to the chosen programme; IELTS Academic 6.5 with no section below 6.0, or TOEFL iBT 92 with minimums of 21 per section and 22 for writing; non-refundable application fee of EUR 75 per application and a EUR 250 registration deposit; awardees of a waiver of 50% or more must post a further EUR 500 deposit within seven days; non-EU tuition is EUR 9,000 per semester / EUR 18,000 per academic year, so a full waiver is worth EUR 18,000/year but carries no stipend",2026-02-11 PRIOR_CYCLE,"before university application - this IS the application; Period 1 (2025-10-31 to 2026-02-11 23:59 CET) is the round aimed at non-EU citizens who need a study residence permit, with offers issued 2026-03-31; Periods 2 and 3 are aimed at EU citizens and carry residence-permit risk for non-EU applicants",apply direct,https://masterschool.eitdigital.eu/admissions/fees,2026-08-16,high
Erasmus Trustfonds Scholarship,Erasmus University Rotterdam / Erasmus Trustfonds,institutional,Netherlands,Erasmus University Rotterdam (Erasmus School of Economics),A,tuition+stipend,"17500 (maximum; tuition fee waived - 21000 EUR of non-EEA fee - plus 1200 EUR/month living allowance totalling 14400 EUR, a one-off 249 EUR personal allowance and the 228 EUR immigration fee)",One academic year; can only be received once,yes,"Open to full-time first-year master students with excellent results from both EEA and non-EEA countries. Restricted to master's programmes at Erasmus School of Economics (not RSM or ESHCC). Requires Studielink registration plus documents in the EUR Application Portal by the deadline, a detailed financial statement, and completion of the immigration procedure (advised by May, hard deadline 10 July). Only one type of EUR scholarship is awarded per applicant.",2026-02-01 (applications open 2025-12-01; deadline 31 January 23:59),Programme registration in Studielink and the application documents must be submitted before the scholarship deadline; an admission offer is not required at the moment of application but only admitted students are considered,apply via university (separate scholarship application via the EUR Application Portal),https://www.eur.nl/en/ese/education/master/fees-and-scholarships/scholarships-and-grants/erasmus-trustfonds-scholarship,2026-08-16,high
DIGICREA - Digital Creativity Art&Science European Master - EMJM scholarship,European Commission / EACEA via the DIGICREA consortium (coordinator Universite Jean Monnet Saint-Etienne),EU,"France, Portugal, Poland","Universite Jean Monnet Saint-Etienne (FR, coordinator); Universidade Catolica Portuguesa - Escola das Artes (PT); University of Silesia (PL)",B,tuition+stipend,16800,24 months,"yes - Erasmus+ Programme Guide 2026, Erasmus Mundus action: 'EMJM scholarships can be offered to students from all over the world'; Tunisia is named under 'South-Mediterranean countries (Region 3)' in Programme Guide Part A Eligible Countries; same action page sets 'Region 3 (Neighbourhood South): 18% of the budget available from NDICI. At least 20% of this amount should be allocated to Tunisia'","Bachelor of 180 ECTS required (150 ECTS accepted at application with a sworn statement that 180 will be complete before the September start); applicants choose a Sound-Music or an Image specialisation and submit an artistic portfolio of 3-5 works no more than five years old, a 2-minute video presentation and two references; English B2 minimum, C1 recommended (IELTS 6, TOEFL iBT 90, TOEIC 650); degrees awarded include a French Master of Arts in Contemporary Creation and New Technologies, a Portuguese Master in Sound and Image and a Polish Music in Multimedia",2026-02-16 PRIOR_CYCLE,"before university application - the 2026-2028 round opened 2025-11-14 and closed 2026-02-16; the consortium states the 2027-2029 call is expected in November 2026, so the equivalent deadline should fall in the first quarter of 2027",apply direct,https://master-digicrea.univ-st-etienne.fr/en/join-digicrea.html,2026-08-16,high
Data Science of Human Multimodal Communication (MULTICOM) - EMJM scholarship,European Commission / EACEA via the MULTICOM consortium (coordinator University of Murcia),EU,"Spain, Sweden, Germany",University of Murcia (ES); Lund University (SE); Friedrich-Alexander-Universitat Erlangen-Nurnberg (DE),both,tuition+stipend,16800,24 months,"yes - Erasmus+ Programme Guide 2026, Erasmus Mundus action: 'EMJM scholarships can be offered to students from all over the world'; Tunisia is named under 'South-Mediterranean countries (Region 3)' in Programme Guide Part A Eligible Countries; same action page sets 'Region 3 (Neighbourhood South): 18% of the budget available from NDICI. At least 20% of this amount should be allocated to Tunisia'","2 years / 120 ECTS across the three partners with a thesis term that may be taken anywhere; the consortium asks for a substantial background in language and communication studies plus foundational quantitative ability, so it bridges the two tracks but is not a pure analytics or pure media-production degree",2026-03-15 PRIOR_CYCLE,before university application - applications for the first cohort (starting 2026-09-01) were open until 2026-03-15; this is a first-edition programme so its calendar may shift for 2027,apply direct,https://multicom-em.eu/,2026-08-16,medium
DocNomadsPlus - Joint Master in Documentary Filmmaking - EMJM scholarship,European Commission / EACEA via the DocNomadsPlus consortium,EU,"Portugal, Lithuania, Belgium","Universidade Lusofona, Lisbon (PT); Lithuanian Academy of Music and Theatre, Vilnius (LT); LUCA School of Arts, Brussels (BE)",B,tuition+stipend,16800,24 months,"yes - Erasmus+ Programme Guide 2026, Erasmus Mundus action: 'EMJM scholarships can be offered to students from all over the world'; Tunisia is named under 'South-Mediterranean countries (Region 3)' in Programme Guide Part A Eligible Countries; same action page sets 'Region 3 (Neighbourhood South): 18% of the budget available from NDICI. At least 20% of this amount should be allocated to Tunisia'","Four semesters, about 24 places per cohort; entry expects a bachelor in film studies, audiovisual arts or media/communication studies, or an equivalent degree supported by a portfolio; application requires three video assignments; English B2 (IELTS Academic 6.5, TOEFL iBT 79, Duolingo 110); non-scholarship students pay EUR 15,000 for the four semesters, scholarship holders pay nothing",2027-01 (month only - exact day not yet published),"before university application - the consortium states the call opens November 2026, with the Erasmus Mundus scholarship deadline in January 2027 and a separate self-funded-only deadline in April 2027; the scholarship deadline is therefore about three months ahead of the self-funded route and eight months before the September 2027 start",apply direct,https://www.docnomadsplus.eu/application,2026-08-16,high
Erasmus Mundus Joint Master Programme on the Engineering of Data-intensive Intelligent Software Systems (EDISS) - EMJM scholarship,European Commission / EACEA via the EDISS consortium (coordinator Abo Akademi University),EU,"Finland, Spain, Italy, Sweden","Abo Akademi University (FI, coordinator); University of the Balearic Islands (ES); University of L'Aquila (IT); Malardalen University (SE)",A,tuition+stipend,16800,24 months,"yes - Erasmus+ Programme Guide 2026, Erasmus Mundus action: 'EMJM scholarships can be offered to students from all over the world'; Tunisia is named under 'South-Mediterranean countries (Region 3)' in Programme Guide Part A Eligible Countries; same action page sets 'Region 3 (Neighbourhood South): 18% of the budget available from NDICI. At least 20% of this amount should be allocated to Tunisia'; EDISS scholarship page states 'All applicants are welcome to apply regardless of nationality' and lists Tunisia in its South-Mediterranean regional table","Bachelor of at least 180 ECTS in computer science, software engineering or equivalent, with coursework in programming, algorithms, data structures, computer architecture, networks, software engineering and mathematics; IELTS Academic 6.5 (no band below 6) or TOEFL iBT 93; EDISS quotes the scholarship's total value as EUR 51,600 over two years (EUR 1,400/month plus a EUR 9,000/year participation-cost waiver)",2026-01-08 PRIOR_CYCLE,"before university application - for intake 6 (2026-2028) the Erasmus Mundus scholarship round closed 2026-01-08 15:00 Helsinki time; a tuition-fee-waiver round then ran 2026-02-25 to 2026-03-11 and the self-funded round only 2026-04-13 to 2026-04-20, so the scholarship deadline preceded the self-funded one by over three months",apply direct,https://www.master-ediss.eu/admission,2026-08-16,high
Erasmus Mundus Joint Master in Artificial Intelligence (EMAI) - EMJM scholarship,European Commission / EACEA via the EMAI consortium (coordinator Universitat Pompeu Fabra),EU,"Spain, Italy, Netherlands, Slovenia","Universitat Pompeu Fabra (ES, coordinator); Sapienza University of Rome (IT); Radboud University (NL); University of Ljubljana (SI)",A,tuition+stipend,16800,24 months,"yes - Erasmus+ Programme Guide 2026, Erasmus Mundus action: 'EMJM scholarships can be offered to students from all over the world'; Tunisia is named under 'South-Mediterranean countries (Region 3)' in Programme Guide Part A Eligible Countries; same action page sets 'Region 3 (Neighbourhood South): 18% of the budget available from NDICI. At least 20% of this amount should be allocated to Tunisia'","First-cycle degree of at least 180 ECTS in ICT, engineering, physics, mathematics or statistics - or in another field provided the applicant has 10-60 ECTS of bridging credits set by the Academic Programme Committee; the committee checks for a minimum 12 ECTS mathematics, 12 ECTS programming and 12 ECTS computing science; final selection explicitly weighs nationality and country of residence; interviews of 10-15 minutes are held online",2025-12-20 PRIOR_CYCLE,"before university application - for the 2026 intake the Erasmus Mundus scholarship window was 2025-11-15 to 2025-12-20 23:59 CET; tuition-fee-waiver candidates then applied 2025-12-21 to 2026-03-18, worldwide self-funded 2026-03-19 to 2026-06-05 and EU self-funded 2026-06-06 to 2026-07-06 - the scholarship deadline is the earliest of four rounds and about nine months before September enrolment",apply direct,https://www.upf.edu/web/emai/access-admission,2026-08-16,high
Erasmus Mundus Joint Master in Data Engineering and Artificial Intelligence (DEAI) - EMJM scholarship,European Commission / EACEA via the DEAI consortium (coordinator Universite Libre de Bruxelles),EU,"Belgium, Spain, Italy, Austria","Universite Libre de Bruxelles (BE, coordinator); Universitat Politecnica de Catalunya (ES); University of Padua (IT); TU Wien (AT)",A,tuition+stipend,16800,24 months,"yes - Erasmus+ Programme Guide 2026, Erasmus Mundus action: 'EMJM scholarships can be offered to students from all over the world'; Tunisia is named under 'South-Mediterranean countries (Region 3)' in Programme Guide Part A Eligible Countries; same action page sets 'Region 3 (Neighbourhood South): 18% of the budget available from NDICI. At least 20% of this amount should be allocated to Tunisia'; DEAI admission page states only that 'no more than 10% of the selected applicants can be of the same nationality' - no nationality is excluded","Bachelor of 180 ECTS from a university listed in WHED or named rankings; English B2 (IELTS Academic 5.5 / TOEFL iBT 72); selection scores the share of Computer Science credits in the bachelor and awards points per year of work in an 'IT or BI position'; partial scholarship variant covers participation costs only, with no stipend; self-funded partner-country participation cost is EUR 9,000/year",2026-01-13 PRIOR_CYCLE,"before university application - grant round for the 2026-2028 cohort opened 2025-10-21 and closed 2026-01-13 noon GMT; the separate self-funded non-EU round ran 2026-03-01 to 2026-04-30, so the scholarship deadline sat about 3.5 months ahead of the self-funded one and 8 months before the September start",apply direct,https://deai.ulb.be/home/students/admission/,2026-08-16,high
Erasmus Mundus Joint Masters (EMJM) scholarship,European Commission / EACEA - Erasmus+ Key Action 2,EU,EU Member States and third countries associated to Erasmus+; each consortium delivers study periods in at least two different countries,220 EMJM consortia listed in the EACEA Erasmus Mundus catalogue,both,tuition+stipend,16800,"Full programme length - 12, 18 or 24 months (max 24)","yes - Erasmus+ Programme Guide 2026, Erasmus Mundus action: 'EMJM scholarships can be offered to students from all over the world'; Tunisia is named under 'South-Mediterranean countries (Region 3)' in Programme Guide Part A Eligible Countries; same action page sets 'Region 3 (Neighbourhood South): 18% of the budget available from NDICI. At least 20% of this amount should be allocated to Tunisia'",Programme Guide: 'projects cannot charge tuition fees or other mandatory costs related to student participation in the course to Erasmus Mundus scholarship holders'; students who previously held an EMJM scholarship are not eligible again; consortia must keep any single nationality under 10% of scholarships awarded,Consortium-specific; there is no central EU deadline,"before university application - consortium scholarship rounds observed for the 2026 intake closed between 2025-12-20 and 2026-01-20, i.e. 8-9 months before the September start and months ahead of ordinary non-EU university deadlines",apply direct,https://erasmus-plus.ec.europa.eu/programme-guide/part-b/key-action-2/erasmus-mundus,2026-08-16,high
Erasmus Mundus Master Impact Entrepreneurship (EMMIE) - EMJM scholarship,European Commission / EACEA via the EMMIE consortium (coordinator HEC Liege),EU,"Belgium, Croatia, Lithuania","HEC Liege - Universite de Liege (BE, coordinator); Zagreb School of Economics and Management (HR); ISM University of Management and Economics, Vilnius (LT)",A,tuition+stipend,16800,18 months,"yes - Erasmus+ Programme Guide 2026, Erasmus Mundus action: 'EMJM scholarships can be offered to students from all over the world'; Tunisia is named under 'South-Mediterranean countries (Region 3)' in Programme Guide Part A Eligible Countries; same action page sets 'Region 3 (Neighbourhood South): 18% of the budget available from NDICI. At least 20% of this amount should be allocated to Tunisia'","18-month joint master; the consortium states it is 'open to students from all academic backgrounds', which suits a Business Intelligence licence; specific ECTS, fee and per-round deadline figures were not published on the pages reachable on 2026-08-16",NOT_FOUND,before university application - the consortium states the 2026-2028 application period has closed and the next recruitment will be announced on its site; no 2027 date published as at 2026-08-16,apply direct,https://www.emmie.uliege.be/cms/c_7950389/en/emmie,2026-08-16,medium
Erasmus Mundus Master of Science in Imaging and Light in Extended Reality (IMLEX) - EMJM scholarship,European Commission / EACEA via the IMLEX consortium (coordinator University of Eastern Finland),EU,"Finland, France, Belgium (plus a Japan mobility partner)","University of Eastern Finland (FI, coordinator); Universite Jean Monnet Saint-Etienne (FR); KU Leuven (BE); Toyohashi University of Technology (JP)",B,tuition+stipend,16800,24 months,"yes - Erasmus+ Programme Guide 2026, Erasmus Mundus action: 'EMJM scholarships can be offered to students from all over the world'; Tunisia is named under 'South-Mediterranean countries (Region 3)' in Programme Guide Part A Eligible Countries; same action page sets 'Region 3 (Neighbourhood South): 18% of the budget available from NDICI. At least 20% of this amount should be allocated to Tunisia'; IMLEX states it offers 'full scholarships with monthly allowance for all nationalities'","Entry expects a bachelor in information technology, computer science, electrical engineering, photonics or a closely related field, so a Business Intelligence licence is a partial rather than clean match; non-EU/EEA students without a scholarship pay EUR 9,000/year; applications are submitted through the Finnish national Studyinfo service",NOT_FOUND,"before university application - the consortium states its application period is open annually in December-January, which places it ahead of the Finnish national January application round and far ahead of ordinary non-EU deadlines; no specific 2027 date published as at 2026-08-16",apply direct,https://imlex.org/,2026-08-16,medium
"FilmMemory - Joint Master of Arts in European Film Heritage, History and Cultures - EMJM scholarship",European Commission / EACEA via the FilmMemory consortium,EU,"Belgium, Portugal, Ireland, Estonia","LUCA School of Arts, Brussels (BE); Universidade Lusofona, Lisbon (PT); IADT, Dublin (IE); Tallinn University Baltic Film, Media and Arts School (EE)",B,tuition+stipend,16800,24 months (scholarship max 24 months),"yes - Erasmus+ Programme Guide 2026, Erasmus Mundus action: 'EMJM scholarships can be offered to students from all over the world'; Tunisia is named under 'South-Mediterranean countries (Region 3)' in Programme Guide Part A Eligible Countries; same action page sets 'Region 3 (Neighbourhood South): 18% of the budget available from NDICI. At least 20% of this amount should be allocated to Tunisia'","Max 24 students per intake; entry requires a first-cycle degree at EQF level 6, ideally in audiovisual arts, film studies, communication or history; submission includes a one-minute motivation video, a 500-word project proposal and one of three assignment options - critical essay, video essay or data analytics project, the last of which suits a Business Intelligence background; English B2+ (IELTS 6.5, TOEFL iBT 79); self-funded tuition EUR 10,000 total, waived for scholarship holders",2026-01-20 PRIOR_CYCLE,"before university application - the 2026-2027 call closed 2026-01-20 23:59 CET, with interviews 2026-03-09 to 2026-03-13 and selection announced by 2026-05-30, i.e. the deadline fell roughly eight months before the September start",apply direct,https://filmmemory.eu/application/call-for-applicants,2026-08-16,high
Joint Master's Degree Programme in Service Design Strategies and Innovations (SDSI) - EMJM scholarship,European Commission / EACEA via the SDSI consortium,EU,"Latvia, Finland, Estonia",University of Lapland (FI); Art Academy of Latvia (LV); Estonian Academy of Arts (EE); Stockholm School of Economics in Riga (LV),B,tuition+stipend,16800,24 months,"yes - Erasmus+ Programme Guide 2026, Erasmus Mundus action: 'EMJM scholarships can be offered to students from all over the world'; Tunisia is named under 'South-Mediterranean countries (Region 3)' in Programme Guide Part A Eligible Countries; same action page sets 'Region 3 (Neighbourhood South): 18% of the budget available from NDICI. At least 20% of this amount should be allocated to Tunisia'","Two-year full-time on-site programme based in Kuldiga, Latvia with a mobility semester in Finland and workshops in Estonia; requires a bachelor of at least 180 ECTS in Arts/Humanities, Social Sciences, Business/Administration/Law or ICT - a Business Intelligence licence falls inside two of those four fields; self-funded tuition is EUR 4,000/year for EU/EEA/Swiss students and EUR 8,000/year for others, waived for scholarship holders",NOT_FOUND,before university application - the consortium page shows 'ADMISSION 2027/2028 TBA' as at 2026-08-16; no deadline published,apply direct,https://www.sdsi.ma/,2026-08-16,medium
"Mathematical Modelling, Simulation and Data Science for Industrial and Societal Challenges (MathsDISC) - EMJM scholarship",European Commission / EACEA via the MathsDISC consortium (coordinator University of Verona),EU,"Italy, Germany, Portugal, France, Ukraine",University of Verona (IT); Bergische Universitat Wuppertal (DE); Igor Sikorsky Kyiv Polytechnic Institute (UA); University of Lisbon (PT); Universite Grenoble Alpes (FR),A,tuition+stipend,16800,24 months,"yes - Erasmus+ Programme Guide 2026, Erasmus Mundus action: 'EMJM scholarships can be offered to students from all over the world'; Tunisia is named under 'South-Mediterranean countries (Region 3)' in Programme Guide Part A Eligible Countries; same action page sets 'Region 3 (Neighbourhood South): 18% of the budget available from NDICI. At least 20% of this amount should be allocated to Tunisia'","2 years / 4 semesters / 120 ECTS; the consortium states the study path 'is made in agreement with the Selection Committee according to the student's previous mathematical training', so a Business Intelligence licence is a weaker fit than for DEAI or EDISS",2026-06-30 PRIOR_CYCLE,"before university application - the site shows a round opening 2026-05-15 and closing 2026-06-30 17:00 CEST; this is a later-than-typical EMJM cycle, so confirm against the 2027 call when published",apply direct,https://mathsdisc.eu/,2026-08-16,medium
Models and Methods of Quantitative Economics (QEM) - EMJM scholarship,European Commission / EACEA via the QEM consortium (coordinator Universite Paris 1 Pantheon-Sorbonne),EU,"France, Belgium, Spain, Italy, Poland (plus a United States mobility partner)","Universite Paris 1 Pantheon-Sorbonne (FR, coordinator); Universite catholique de Louvain (BE); Universitat Autonoma de Barcelona (ES); Universita Ca' Foscari Venezia (IT); SGH Warsaw School of Economics (PL); University of Kansas (US)",A,tuition+stipend,16800,24 months,"yes - Erasmus+ Programme Guide 2026, Erasmus Mundus action: 'EMJM scholarships can be offered to students from all over the world'; Tunisia is named under 'South-Mediterranean countries (Region 3)' in Programme Guide Part A Eligible Countries; same action page sets 'Region 3 (Neighbourhood South): 18% of the budget available from NDICI. At least 20% of this amount should be allocated to Tunisia'","24-month, 120-ECTS full-time research-oriented programme; heavily mathematical economics rather than applied business analytics, so it is a partial rather than direct match to a Business Intelligence licence; the only round published for 2026-2028 was self-funding, running 2025-11-18 to 2026-06-30",NOT_FOUND,before university application - the site published only a self-funded round (2025-11-18 to 2026-06-30) for 2026-2028 and no separate Erasmus Mundus scholarship deadline; on the EMJM pattern a scholarship round would sit ahead of it,apply direct,https://master-economics-qem.eu/,2026-08-16,medium
RESOUND - Joint Master of Arts in Sound Design for Media Arts - EMJM scholarship,European Commission / EACEA via the ReSound consortium,EU,"Ireland, Portugal, Lithuania","IADT Dun Laoghaire Institute of Art, Design and Technology (IE); Universidade Lusofona (PT); Lithuanian Academy of Music and Theatre (LT)",B,tuition+stipend,16800,24 months,"yes - Erasmus+ Programme Guide 2026, Erasmus Mundus action: 'EMJM scholarships can be offered to students from all over the world'; Tunisia is named under 'South-Mediterranean countries (Region 3)' in Programme Guide Part A Eligible Countries; same action page sets 'Region 3 (Neighbourhood South): 18% of the budget available from NDICI. At least 20% of this amount should be allocated to Tunisia'","Two-year, four-semester programme, max 24 places per year; entry expects a bachelor at EQF level 6 or above in sound, music, film or media studies plus a portfolio of no more than three prior works, two references, a 1,000-character motivation letter and a 500-character thesis description; non-scholarship tuition is EUR 15,000 for four semesters in two instalments of EUR 7,500; directly matches the applicant's music-production and video practice",NOT_FOUND,before university application - the site states applications for ReSound 2026 have closed and the next cycle will be announced; no 2027 date published as at 2026-08-16,apply direct,https://resound-ma.eu/application/,2026-08-16,medium
RE_PLAY - European Joint Masters in Games - EMJM scholarship,European Commission / EACEA via the RE_PLAY consortium,EU,"Portugal, Belgium, Finland","Universidade Lusofona, Lisbon (PT); LUCA School of Arts, Genk (BE); Aalto University, Helsinki (FI)",B,tuition+stipend,16800,24 months,"yes - Erasmus+ Programme Guide 2026, Erasmus Mundus action: 'EMJM scholarships can be offered to students from all over the world'; Tunisia is named under 'South-Mediterranean countries (Region 3)' in Programme Guide Part A Eligible Countries; same action page sets 'Region 3 (Neighbourhood South): 18% of the budget available from NDICI. At least 20% of this amount should be allocated to Tunisia'","Max 24 students per intake; entry requires a bachelor or master at EQF level 6 / NFQ level 8, Europass CV, motivation letter of max 3,000 characters, game/project post-mortems, a PDF portfolio of max 5 projects over 7 pages and a 3-minute showreel; English IELTS 6.0 / TOEFL iBT 80; non-scholarship tuition is EUR 15,000 for the 24-month programme; scholarship holders receive full tuition coverage plus EUR 1,400/month",NOT_FOUND,before university application - the consortium states the 2026-2028 call is closed and a new call opens in October 2026; the deadline itself was not published as at 2026-08-16,apply direct,https://www.replaymasters.eu/admissions-and-requirements,2026-08-16,medium
Re:Anima - European Joint Masters in Animation - EMJM scholarship,European Commission / EACEA via the Re:Anima consortium,EU,"Portugal, Ireland, Belgium","Universidade Lusofona - Film and Media Arts (PT); IADT Dun Laoghaire Institute of Art, Design and Technology (IE); LUCA School of Arts, Campus C-mine, Genk (BE)",B,tuition+stipend,16800,24 months,"yes - Erasmus+ Programme Guide 2026, Erasmus Mundus action: 'EMJM scholarships can be offered to students from all over the world'; Tunisia is named under 'South-Mediterranean countries (Region 3)' in Programme Guide Part A Eligible Countries; same action page sets 'Region 3 (Neighbourhood South): 18% of the budget available from NDICI. At least 20% of this amount should be allocated to Tunisia'","Open to European and non-European students with a BA related to animation and film production, or alternative qualifications backed by relevant professional experience; requires a portfolio/showreel of max 4 minutes with credited roles, 2-3 references, motivation and expectations statements of 1,000 characters each and a 300-word thesis project proposal; English B2 (IELTS 6.0, TOEFL iBT 79)",NOT_FOUND,"before university application - the consortium states it 'will open a call with scholarships in October 2026' for the 2027-2029 intake; on the pattern of its sister programmes at the same schools the scholarship deadline will fall in December 2026 or January 2027, but no date was published as at 2026-08-16",apply direct,https://www.reanima.eu/application/application-requirements,2026-08-16,medium
KTH Scholarship,KTH Royal Institute of Technology,institutional,Sweden,KTH Royal Institute of Technology,B,tuition,16365 (full tuition fee; SEK 180000/year). Does not include living costs.,"First and second year of the master's, subject to satisfactory first-year results",yes,"Must be a fee-paying student (non-EU/EEA), must have applied to a KTH master's programme as FIRST priority at universityadmissions.se and paid the application fee - a scholarship cannot be awarded for a programme listed second, third or fourth. Not available for joint Erasmus+/EIT programmes. In 2025, 65 of 803 admitted scholarship applicants (8%) were nominated. Selection weighs GPA, ranking of the bachelor's-awarding university, research/work/teaching experience and a statement on contributing to sustainable development.",NOT_FOUND (the supporting documents used for the assessment must be submitted to universityadmissions.se by the document deadline of 2 February),"After the universityadmissions.se programme application - the scholarship form on the KTH page is separate, and the underlying documents must already be in by the 2 February document deadline",apply via university (separate scholarship form on the KTH website after the national application),https://www.kth.se/en/studies/master/admissions/scholarships/kth-scholarship-1.72827,2026-08-16,high
CBS Scholarship (Danish government scholarship at Copenhagen Business School),"Danish state, administered by Copenhagen Business School",institutional,Denmark,Copenhagen Business School (CBS),A,tuition+stipend,16000 tuition fee waiver plus a monthly stipend of DKK 8000 towards living costs (CBS non-EU master fee 16000 EUR/year),"Maximum 22 months, starting 1 September (1 February for the Winter round)",yes,"Eligibility clause: 'CBS welcomes applications from motivated graduate applicants, of all genders, ages, nationalities and religions, who come from countries outside of EU/EEA and need a student residence permit to study at CBS.' Must be a non-EU/non-EEA/non-Swiss citizen, need a student residence permit, pay the application fee by the application deadline and upload a personal statement. Not available to anyone eligible for Danish SU or other Danish public support. Approximately 25 scholarships per year. Awarded on motivation and academic background, not financial need. The grant is taxable in Denmark.",15 January 23:59 CET (Summer round) / 15 October (Winter round); results by 15 March (10 December for the Winter round),The scholarship deadline IS the admission deadline - you must apply for admission by 15 January and tick the scholarship option plus upload a personal statement at that time,apply via university (indicate the scholarship in the Application Portal and upload a personal statement with the admission application),https://www.cbs.dk/en/study-programmes/master-programmes/application-and-admission,2026-08-16,high
Aalborg University scholarship for non-EU/EEA master's applicants,"Danish government, awarded by Aalborg University",institutional,Denmark,Aalborg University,both,tuition+stipend,15490 tuition fee waiver plus a monthly stipend of DKK 11225 (stated as EUR 1503 per month) for 2026 new students,The four semesters of the master's programme,yes,"Granted to individually selected applicants from non-EU/EEA countries on strategic considerations and academic qualifications. Approximately 15 scholarships each year for the September intake - Aalborg explicitly advises applicants not to rely on receiving one. If tuition has already been paid when the award is made, the fee is refunded.",The master's programme application deadline (awards notified by early July; AAU cannot guarantee a decision before the tuition payment deadline),Automatic - 'All non-EU applicants are automatically considered when applying to a master's programme'; no separate scholarship application,apply via university (automatic on the admission application),https://www.en.aau.dk/education/apply/master/finance-and-fees,2026-08-16,high
Luiss scholarships for international students admitted to master's degree programmes,Luiss Guido Carli,institutional,Italy,Luiss Guido Carli,A,tuition,15000 (20 full waivers of the annual tuition fee) or 7500 (10 partial waivers of 50%); Luiss non-EU master fee 15000 EUR/year,One academic year (2026/2027),yes,Open to international students holding either EU/Schengen or non-EU/Schengen citizenship who are admitted through the entrance test to the first year of a Luiss master's degree programme. 30 scholarships in total.,2026-03-20 12:00 Italian time (non-EU/Schengen applicants; window opens 2026-02-23). EU/Schengen applicants: 2026-04-20.,After being admitted via the entrance test - a separate call for applications with its own window that closes BEFORE the EU deadline,apply via university (separate online call through the Student Portal dedicated to the Right to Education),https://www.luiss.it/en/orientation-and-admissions/incentives-and-support/scholarship-exemptions/aa-2026-2027/magistrali-2026-2027-academic-year/scholarships-international-students-admitted-masters-degree-programs,2026-08-16,high
Bourse d'excellence Eiffel (France Excellence Eiffel),"Ministere de l'Europe et des Affaires etrangeres (France), managed by Campus France",national,France,"French higher education institutions - the institution, not the student, submits the application",both,partial,14400,Master M2 maximum 12 months; Master M1 maximum 24 months; engineering diplomas maximum 36 months,yes,"Open to non-French nationals; Campus France Tunisie names Eiffel as one of the two programmes financed directly by the French foreign ministry for foreign students ('25% de ces bourses sont financees directement par le ministere dans le cadre des programmes Eiffel (pour des etudes au niveau master ou doctorat) ou Major'). EUR 1,200 per month at master's level from January 2026, plus international and national transport, insurance, help finding housing and cultural activities; tuition fees are NOT covered. Application route is the blocking constraint: 'French institutions submit applications exclusively' - the student must first secure the support of the international relations office of a French institution, which then files the candidacy on the Campus France platform. Deadline for the current cycle was not stated on the Campus France page (updated 30 September 2025).",NOT_FOUND,before university application (the institution must agree to nominate before or alongside admission),apply via university,https://www.campusfrance.org/fr/la-bourse-france-excellence-eiffel,2026-08-16,medium
Bourse d'excellence France Excellence Eiffel,"French Ministry for Europe and Foreign Affairs, administered by Campus France",national,France,"French higher education institutions — the institution, not the student, submits the application",A,living only,"14400 (EUR 1,200/month at master's level from January 2026)",Up to 12 months for entry at M2; up to 24 months for entry at M1; up to 36 months for engineering diplomas,"yes — no country list is published; the scheme is nationality-neutral for non-French candidates (Campus France, 'La bourse France Excellence Eiffel' / programme presentation)","Age cap: 29 at master's level. Tuition fees are NOT covered — the programme funds a monthly allowance plus direct payment of international and domestic transport, insurance, housing search and cultural activities. Eligible fields at master's level: Biology & Health, Ecological Transition, Mathematics & Digital, Engineering Sciences, French History/Language/Civilisation, Law & Political Science, Economics & Management — Track A fits under Economics & Management or Mathematics & Digital; Track B (media production) is not among the listed priority fields. Students cannot apply themselves. UNVERIFIED: depends on expected graduation date (age cap) and GPA (institutions nominate on academic excellence)",2026-01-08 PRIOR_CYCLE,"after university application — the applicant must first be in contact with and put forward by a French institution, which files the dossier with Campus France","apply via university — only French higher education institutions may submit applications, via the Campus France platform",https://www.campusfrance.org/en/eiffel-scholarship-program-of-excellence,2026-08-16,high
EDHEC Academic Excellence Scholarship,EDHEC Business School,institutional,France,EDHEC Business School,A,partial,14350 (up to a 50% reduction in tuition fees; EDHEC master fee 28700 EUR/year PRIOR_CYCLE),NOT_FOUND,yes,"Supports high-potential candidates on the excellence of their academic profile, extensive experience and/or extracurricular activities. No nationality restriction stated - 'All admitted candidates are automatically considered for an EDHEC scholarship.'",NOT_FOUND (tied to the admission decision),Automatic from the admission application - the Scholarship Committee decision is conveyed by email at the same time as the admissions decision; no additional documentation is required,apply via university (automatic on admission),https://www.edhec.edu/en/programmes/masters-degree/scholarships,2026-08-16,high
Malmo University Master's Scholarship,Malmo University,institutional,Sweden,Malmo University,B,tuition,NOT_FOUND (partial to full tuition fee waiver; Malmo non-EU master fee 14319 EUR/year). Does not cover living expenses.,NOT_FOUND,yes,For non-EU/EEA students required to pay tuition fees who are admitted to an English-taught master's programme at Malmo University listed as their FIRST CHOICE. Only a few students are granted scholarships each year.,NOT_FOUND (notifications are sent by the end of April),"Automatic after admission - candidates are considered on the basis of the admission application, no separate scholarship application is required",apply via university (automatic on admission),https://mau.se/en/education/scholarships/,2026-08-16,medium
Lund University Global Scholarship,Lund University,institutional,Sweden,Lund University,A,tuition,NOT_FOUND (grants may cover part or all of the tuition fee; the percentage depends on the programme/faculty budget. Lund non-EU master fee 13638 EUR/year). Covers tuition fees only.,NOT_FOUND,yes,Eligibility clause: 'You must be a citizen of a country from outside the EU/EEA (and Switzerland) and be required to pay tuition fees.' The Lund programme applied for must be the FIRST CHOICE in the universityadmissions.se application. Applicants who cannot secure living-cost funding for the Swedish Migration Agency requirement are told not to apply. Approximately SEK 26 million awarded each year.,2026-02-16 PRIOR_CYCLE (the application usually opens in early February each year),"After the universityadmissions.se programme application - a complete application and paid application fee are prerequisites, then a separate scholarship portal application. Note the scholarship window is only about two weeks long.",apply via university (separate scholarship application portal),https://www.lunduniversity.lu.se/study/admission-degree-studies/scholarships-and-awards/lund-university-global-scholarship,2026-08-16,high
UCD Smurfit MSc Africa Excellence Scholarship,UCD Michael Smurfit Graduate Business School,institutional,Ireland,University College Dublin (UCD Michael Smurfit Graduate Business School),A,partial,13090 (up to 50% of tuition fees; UCD non-EU master fee 26180 EUR/year),The MSc programme,yes,"Merit-based regional scholarship for the Africa region, awarded to academically exceptional students who will act as ambassadors for the MSc and the School. Regional scope named in the scholarship title (Africa), and Tunisia appears in the country filter for UCD Smurfit scholarships on the UCD Global listing.",2026-03-31 PRIOR_CYCLE (opened 2026-01-01; status shown as Closed at the verification date),After the programme application - Smurfit states that in most cases no separate scholarship application is needed and all successful programme applicants are automatically considered once the application is received before the scholarship closing date; awards are granted on a rolling basis so early application matters,apply via university (automatic on the programme application for most Smurfit scholarships),https://www.smurfitschool.ie/admissions/scholarships/,2026-08-16,high
Danish state scholarship at Aarhus University,"Danish state, administered by Aarhus University",institutional,Denmark,Aarhus University,A,tuition+stipend,"13000 (100% tuition fee waiver; Aarhus non-EU master fee 13000 EUR/year for 60 ECTS) plus, at Aarhus BSS, a monthly grant towards living expenses",Typically but not always the duration of the master's programme,yes,"Only awarded to applicants liable to pay tuition fees, i.e. non-EU/EEA. Aarhus University has no scholarship funds of its own and relies entirely on Danish state funding. Aarhus BSS (which hosts the Track A programme) offers tuition fee waiver plus a monthly living grant; the Faculties of Natural Sciences and Technical Sciences offer tuition waiver only.",The master's programme application deadline,"Automatic and simultaneous - 'When you apply to Aarhus University, the university automatically considers you for Danish State Scholarships. You do not need to complete a separate application.' No additional documents should be uploaded.",apply via university (automatic on the admission application),https://masters.au.dk/scholarships-and-grants,2026-08-16,high
BI Master International Scholarship,BI Norwegian Business School,institutional,Norway,BI Norwegian Business School,A,tuition,12404 (full tuition fees; BI non-EU master fee NOK 135600 = 12404 EUR/year). Some candidates receive a one-year rather than two-year award.,"Up to two years, subject to meeting the academic progression requirements",yes,"Eligibility clause: 'Candidates with international citizenship who are not residents of Norway who have a strong academic record.' Minimum overall GPA of 4.0 on the ECTS scale (BI converts international grades). Must be admitted to a Master of Science programme and seeking a first master's degree. International citizens who completed a bachelor's in Norway count as domestic and are excluded. Awarded on academic grades, not financial need.",2026-03-01,"Submitted at the same time as the admission application - scholarship applications by email are not accepted, and the scholarship is only considered once a complete admission application has been submitted and the offer of admission accepted",apply via university (upload CV and a one-page scholarship letter in the 'Scholarship' section of the online admission application),https://www.bi.no/en/programmes-and-individual-courses/scholarships/master-of-science-international-scholarship/,2026-08-16,high
Tilburg University Waiver (DEI waiver),Tilburg University,institutional,Netherlands,Tilburg University,A,partial,11950 (50% waiver of the institutional tuition fee; 2026-2027 non-EEA fee 23900 EUR),The one-year master's programme (or the two-year MSc Cognitive Science and AI),yes,"Tunisia appears by name in the page's 'List of Eligible Countries / Designated Countries'. Requires a non-EEA nationality AND completion of the most recent degree in one of the listed countries; must be the first master's at Tilburg University; regular (non-Research) one-year master's only; pre-master's students excluded; cannot be combined with any other tuition-fee waiver. 21 waivers for 2026-2027, of which 6 for Tilburg School of Economics and Management and 6 for Tilburg School of Humanities and Digital Sciences.",2026-04-01 (both the complete programme application and the waiver form must be in by this date),Both together - the programme application and the separate waiver form share the same 1 April deadline; only students directly admitted to a master's may apply,apply via university (separate Tilburg University Waiver application form),https://www.tilburguniversity.edu/education/masters-programs/tuition-fees-scholarships/dei-waiver,2026-08-16,high
"DAAD Study Scholarships — Fine Art, Design, Visual Communication and Film","DAAD (German Academic Exchange Service), funded by the German Federal Foreign Office",national,Germany,State or state-recognised German universities and art academies of the applicant's choice,B,living only,"11904 (EUR 992/month) plus travel allowance on application, a one-off study allowance and contributions to health, accident and liability insurance",10 to 24 months — the standard period of the chosen master's/postgraduate degree; start usually 1 October of the following year,"yes — 'Tunisia' appears in the country selector on the DAAD scholarship database entry (detail=57135742), which DAAD states is the operative filter","HARD BLOCKER for this applicant: 'You can apply if you have gained a first university degree in the field of arts' — the profile's Licence is in Business Intelligence, not an arts degree. Funds a full master's/postgraduate degree leading to a final qualification, or a complementary course without a degree. Cannot fund a master's already begun in Germany. Portfolio and confirmation of supervision required for the non-degree route. DAAD does not pay tuition fees (most German public universities charge none). Applications open from 1 June; the deadline is set per country of origin. UNVERIFIED: depends on IELTS status (proof of proficiency in the language of instruction required at application)","NOT_FOUND (country-specific deadline, updated annually in Q2; applications possible from 1 June)","before university application — a DAAD Scholarship Award Letter is only valid once the applicant has been admitted to the named host university, but admission need not be held at DAAD application time",apply direct — DAAD portal,https://www2.daad.de/deutschland/stipendium/datenbank/en/21148-stipendiendatenbank/?status=&origin=&subjectGrps=&daad=&intention=&q=bildende%20kunst&page=1&detail=57135742,2026-08-16,high
DAAD Study Scholarships — Master Studies for All Academic Disciplines,"DAAD (German Academic Exchange Service), funded by the German Federal Foreign Office",national,Germany,State or state-recognised German universities,both,living only,"11904 (EUR 992/month) plus EUR 460 annual study allowance, insurance contributions and travel allowance on application","10 to 24 months; funding must begin in 2027, usually on 1 October 2027","no — Tunisia is absent from the country selector on the DAAD scholarship database entry (detail=50026200). The list runs Afghanistan, Albania, Andorra, Armenia, Australia, Austria, Azerbaijan, Belarus … Yemen and contains no African country; DAAD states 'If your status and/or country is not included in the list, you cannot apply for this scholarship programme'","Recorded as a negative because the cycle (funding beginning 2027, start 1 October 2027) and the terms would otherwise match this applicant exactly. Other conditions, for reference: most recent degree no more than 6 years old; not resident in Germany for more than 15 months at the deadline; proof of proficiency in the language of instruction; DAAD does not pay tuition fees. The Tunisia-open equivalents are EPOS and the artistic-disciplines scholarships, both recorded separately",NOT_FOUND (country-specific; applications possible from 1 June),"before university application — admission must be held before the funding period begins, not at DAAD application time",apply direct — DAAD portal,https://www2.daad.de/deutschland/stipendium/datenbank/en/21148-scholarship-database/?detail=50026200,2026-08-16,high
J.E. Cairnes School of Business & Economics Postgraduate Merit Scholarship,University of Galway,institutional,Ireland,University of Galway,A,partial,10820 (up to 50% of tuition fees; University of Galway non-EU master fee 21640 EUR/year),The taught master's programme,yes,Open to students enrolled on a taught master's in the J.E. Cairnes School of Business & Economics who obtained an H1 (first-class honours) or international equivalent in their primary degree. No nationality restriction beyond the non-EU deadline track; the scholarship sits inside University of Galway's non-EU Global Scholarships programme.,2026-04-30 (non-EU applicants; EU applicants 2026-07-25),After the offer - the candidate must have RECEIVED AND ACCEPTED the offer and PAID THE DEPOSIT by 30 April to be considered; no separate scholarship application is made,apply via university (automatic once the offer is accepted and the deposit paid),https://www.universityofgalway.ie/business-public-policy-law/cairnes/scholsprizes/businesspostgraduatemeritscholarships/,2026-08-16,high
Invest Your Talent in Italy (IYT) — 11th edition,Italian Ministry of Foreign Affairs and International Cooperation (MAECI) with ICE Agency and Uni-Italia,national,Italy,"Italian state or legally recognised institutions associated with the IYT programme, and only the master's/postgraduate courses on the IYT course list",A,tuition+stipend,"10800 (annual, paid quarterly: EUR 4,800 + EUR 3,000 + EUR 3,000)","9 months from 1 October 2026, renewable for the second year of the master's on achieving 30 credits",yes — 'Tunisia' is named in Art. 2 'Countries eligible for scholarships' of the 11th-edition call for a.y. 2026-2027,"Full exemption from enrolment fees and university contributions (Art. 9), excluding the regional right-to-education tax, stamp duty and insurance. Age cap: born on or after 1 January 2000. Certified English at B2 minimum (Cambridge, IELTS, TOEFL iBT, PTE, Linguaskill, TOEIC accepted); Italian certificate optional but scored. Compulsory internship at an Italian company. Students about to graduate are NOT eligible — the qualification must already be held at the closing date. Not open to those already studying at or holding a degree from an Italian university. 59-second video application required. Does not cover travel or accommodation; health insurance is the student's responsibility. UNVERIFIED: depends on expected graduation date and IELTS status",2026-05-11 PRIOR_CYCLE,after university application — Art. 3.2 requires a pre-admission application to an IYT-listed course to have been submitted before the IYT application; the next edition opens in 2027,apply direct — online via the IYT portal (investyourtalentapplication.esteri.it),https://investyourtalentapplication.esteri.it/SitoIYT/EN/current-call,2026-08-16,high
Italian Government Scholarships for Foreign Students (MAECI),Italian Ministry of Foreign Affairs and International Cooperation (MAECI / Farnesina),national,Italy,Public or legally recognised private Italian universities and AFAM institutions,both,partial,"10800 (total for the 9-month funding period, paid in 3 instalments of EUR 5,500 / 2,300 / 3,000)","9 months (1 Nov 2026 – 31 Jul 2027), potentially renewable for the second year of a Laurea Magistrale","yes — 'TUNISIA' appears in the beneficiary countries annex of the Bando 2026-2027; note separately that Tunisia also appears in the IRE list, which applies only to Italian citizens resident abroad",Age cap: must not exceed 28 by the call deadline (born on or after 27 March 1997) for Laurea Magistrale and AFAM. Language: B2 English for English-taught programmes (a fully English-taught bachelor's can substitute); B2 Italian for Italian-taught. MAECI does NOT pay tuition — Art. 9 states only that 'some universities exempt scholarship recipients'; regional fees are always payable by the student and are never refunded. Collective health insurance provided by MAECI. Selection is by citizenship and run by the Italian diplomatic mission in Tunis. UNVERIFIED: depends on expected graduation date (age cap) and IELTS status,2026-03-26 PRIOR_CYCLE,"before university application — applicants apply for the scholarship without holding an offer, but must produce an enrolment certificate before disbursement",apply direct — online only via the Study in Italy portal (studyinitaly.esteri.it); no email or paper submission,https://studyinitaly.esteri.it/listabandi,2026-08-16,high
Programme de bourses en grandes ecoles francaises 2026,Institut francais de Tunisie / Ambassade de France en Tunisie,bilateral,France,French grandes ecoles d'ingenieurs ou de commerce entered through the national concours,A,living only,10530,36 months,yes,"Reserved to Tunisian nationals only - dual Franco-Tunisian nationals are excluded. Eligibility clause on the Institut francais de Tunisie call page: the candidate must be enrolled in a second-year classe preparatoire in Tunisia or in a French preparatory institution during 2025-2026, pass the entrance examinations for the French grandes ecoles in 2025-2026, and be admitted to a French engineering or business school for 2026-2027. A holder of a three-year licence cannot enter through this route. EUR 877.50 per month covering accommodation and meals, plus student health and mutual insurance; registration and tuition fees are NOT covered. Selection by a 'commission paritaire franco-tunisienne'. Dossiers must reach the Institut francais de Tunisie by 14 August 2026 at 14:00; results from 28 August 2026.",2026-08-14,after university application,apply direct (Institut francais de Tunisie),https://www.institutfrancais-tunisie.com/candidatures/bourses-detudes-en-grandes-ecoles-francaises-2026/,2026-08-16,high
Government of Ireland International Education Scholarships (GOI-IES),"Department of Further and Higher Education, Research, Innovation and Science, administered by the Higher Education Authority (HEA)",national,Ireland,Eligible Irish higher education institutions; 60 scholarships awarded across all of them each year,both,tuition+stipend,10000 (stipend for one year of full-time study) plus a full tuition fee waiver provided by the host institution,One year of full-time study at NFQ level 9 or 10,"unclear — the HEA criterion is a domicile of origin outside the EU/EEA, Switzerland and the United Kingdom, which Tunisia satisfies, but a host-institution page (Trinity College Dublin) refers to a separate 'list of eligible countries' that could not be opened; no such list is published on the HEA page. Confirm with goi-ies@hea.ie before relying on it","Level: NFQ 9–10 (taught master's, postgraduate diploma, PhD). Only one year is funded, so a two-year master's is only partly covered. UNVERIFIED: depends on GPA and IELTS status — selection is by an independent academic panel",2026-03-12 PRIOR_CYCLE,after university application — a conditional or final offer of admission from an eligible Irish HEI must already be held before applying,"apply direct — HEA online portal, after the institution confirms eligibility",https://hea.ie/policy/internationalisation/goi-ies/,2026-08-16,medium
Erasmus+ International Credit Mobility (KA171) student mobility grant,"European Commission - Erasmus+ Key Action 1, funded from EU external policy instruments (NDICI)",EU,Any EU Member State or country associated to the Programme that has an inter-institutional agreement with the student's Tunisian home university,Only pairs of institutions that hold a signed Inter-Institutional Agreement under a funded KA171 project - not an open list,both,living only,9600-10800,"2 to 12 months of physical mobility - a credit-mobility exchange inside an existing degree, NOT funding for a full master's","yes - Programme Guide Part A places Tunisia in 'South-Mediterranean countries (Region 3)'; the KA171 funding rules set individual support for students from third countries not associated to the Programme in Regions 1-12 travelling to EU Member States at EUR 900/850/800 per month by destination country group, and Regions 13-14 (which include the United Kingdom and Switzerland) are excluded, not Region 3","Student must already be enrolled at a Tunisian HEI that holds an Inter-Institutional Agreement with the European host under a funded KA171 project; selection criteria are set by the two institutions in that agreement and must be fair and transparent; individual support is EUR 800-900/month depending on destination country group, plus a travel contribution and EUR 500 organisational support paid to the institution; this is a mobility grant, so it cannot fund a full degree abroad",Set by the home or host institution's own call - there is no central EU deadline,"not comparable to a degree application - ICM calls are published by the enrolling institution during the academic year preceding the exchange, and the student must already hold a place in a degree programme","via university - apply at the institution where you are enrolled, not to the European Commission",https://erasmus-plus.ec.europa.eu/programme-guide/part-b/key-action-1/higher-education-mobility-projects,2026-08-16,high
Bourse universitaire a l'etranger (Mastere et/ou Doctorat) - bourse specifique,"Ministere de l'Enseignement Superieur et de la Recherche Scientifique (MESRS), Direction Generale des Affaires Estudiantines - Direction des Bourses et des Prets",national,European Union member states; Canada,Set annually by the ministerial circulaire; 2026-2027 circulaire n.61/25 carries separate annexes for Canada,both,tuition+stipend,9600,"Bourse de longue duree - full degree cycle, renewed annually",yes,"Reserved to Tunisian nationals. Eligibility clause at https://best.rnu.tn/bourses-universitaires/ : 'Bourses universitaires a l'etranger (Mastere et/ou Doctorat) - Il s'agit de bourses qui sont destinees aux etudiants, parmi les laureats, qui souhaitent poursuivre leurs etudes de Mastere et/ou de Doctorat a l'etranger.' EUR 800/month = EUR 600 bourse + EUR 200 pret repayable over the 10 years following graduation. MESRS also pays frais d'inscription et de scolarite, couverture sociale, assurance maladie obligatoire, permis d'etudes and titre de transport. Candidate must first be nominated by his Tunisian home institution, which submits a nominal list of top-ranked students in the specialisations named in the annual circulaire; university then runs psychological tests and a written+oral language test; ranked files go to DGAE, then an oral panel per specialisation, then the Commission Nationale des Bourses a l'Etranger (manuel de procedures, MESRS, July 2020). Universite de Tunis El Manar states the additional conditions: degree obtained one or two years earlier, degree in a specialite named in the call, no more than one repeated year, arithmetic average of at least 12/20. Signed 'Engagement de retour au territoire de la republique' and a 'caution solidaire' by a guarantor are required. Whether students of private Tunisian institutions (e.g. Esprit) may be nominated is NOT confirmed - the procedure is written around public institutions and the bourse d'alternance variant is expressly limited to 'etablissements universitaires publics'.",NOT_FOUND,before university application,via home ministry,https://best.rnu.tn/bourses-universitaires/,2026-08-16,medium
Programme de bourses IsDB-France,"Islamic Development Bank (IsDB), French Ministere de l'Europe et des Affaires etrangeres and Campus France",bilateral,France,French higher education institutions,both,tuition+stipend,8400 PRIOR_CYCLE,One complete study cycle (Licence 3 or Master),unclear,"Tunisia is named among the 42 eligible countries on the Campus France programme page, at Licence 3 and Master level, with government-scholar status (visa fees waived, tuition exemption, housing assistance, medical cover), EUR 700 per month and an economy return flight; 200 scholarships per year, of which the Campus France Tunisie brochure states 12 were allocated to Tunisia. LIVENESS NOT CONFIRMED: the only Campus France page still carrying the programme describes the 2020/2021 intake with an application window of 20-30 June 2020; the equivalent page on tunisie.campusfrance.org now returns 404; and the IsDB 2026-2027 scholarship programme list (https://www.isdb.org/scholarships/scholarship-programs) contains only four programmes, none of them IsDB-France. Do not rely on this scheme without direct confirmation from Campus France Tunisie or IsDB.",NOT_FOUND,before university application,apply direct (IsDB scholarship portal),https://www.liban.campusfrance.org/le-programme-de-bourses-isdb-france,2026-08-16,low
ESMT Outstanding Student Leadership Scholarship,ESMT Berlin,institutional,Germany,ESMT Berlin,A,partial,8000 (up to; two scholarships available),NOT_FOUND,yes,"No nationality restriction. For candidates displaying outstanding student leadership during their bachelor's study - student clubs, student government, volunteer projects, international conferences, bachelor's internships.",NOT_FOUND,Submitted with the admission application - the scholarship essay is part of the ESMT online application,apply via university (scholarship essay inside the online admission application),https://esmt.berlin/master-programs/scholarships-financing,2026-08-16,high
Maynooth University Vice President International Scholar Award,Maynooth University,institutional,Ireland,Maynooth University,both,partial,7500 (tuition fee discount; two awards for postgraduate taught applicants),One year,yes,Requires non-EU fee-paying status; application to any postgraduate taught programme on campus; English language requirements met prior to application; an undergraduate degree from a university ranked in the top 500 of QS or Times Higher Education; and an undergraduate result equivalent to Irish First-Class Honours. A personal statement must be submitted with the application.,2026-03-31 (applications open 2026-02-01),"After the offer - the applicant must have ACCEPTED the offer and PAID THE DEPOSIT before 31 March 2026, the same day the scholarship application closes",apply via university (separate MS Form scholarship application with personal statement),https://www.maynoothuniversity.ie/international/scholarships,2026-08-16,high
IESEG Merit-Based Scholarship,IESEG School of Management,institutional,France,IESEG School of Management,A,partial,6990 (up to a 30% tuition waiver; IESEG master fee 23300 EUR/year),NOT_FOUND,yes,"Awarded to meritorious international students on a strong overall profile - academics, test scores, motivation, extracurriculars and professional experience. IESEG charges the same tuition to French and international students. A separate general tuition waiver of up to 5000 EUR is also awarded case by case by the admissions committee.",NOT_FOUND (assessed at admission review),"Automatic from the admission application - 'no separate application is required', awards are determined during the application review",apply via university (automatic on admission),https://www.ieseg.fr/en/news/financing-your-future-scholarships-and-financial-support/,2026-08-16,medium
Latvian State Scholarships for foreign students,"Government of Latvia — State Education Development Agency (VIAA), under bilateral cooperation agreements",bilateral,Latvia,Latvian higher education institutions,both,living only,"6000 (EUR 500 per month for second-cycle programmes, set by Cabinet of Ministers Regulation No. 68 of 24 January 2012 as amended by Regulation No. 298 of 26 May 2026)",NOT_FOUND,"no — the scheme is limited to citizens of 39 countries with which Latvia has a bilateral agreement, and Tunisia is not on the published list (the only African entry is Egypt)","Recorded as a negative. The list is bilateral-agreement based, not development based, which is why an ODA-style inference would have produced the wrong answer here",NOT_FOUND,NOT_FOUND,"apply direct — VIAA, for citizens of agreement countries only",https://www.studyinlatvia.lv/scholarships,2026-08-16,high
Bourse d'alternance (bourse de courte duree),"Ministere de l'Enseignement Superieur et de la Recherche Scientifique (MESRS), Direction Generale des Affaires Estudiantines",national,European Union member states; Canada,Any foreign host laboratory or institution accepted by the Tunisian doctoral school / university,both,living only,6000,Maximum 6 months per academic year,yes,"Does NOT fund a European master's degree. Eligibility clause at https://best.rnu.tn/bourses-universitaires/ : 'des bourses de courte duree (maximum 6 mois par annee universitaires) destines aux etudiants tunisiens, parmi les laureats, et qui sont inscrits dans des etablissements universitaires publics, en deuxieme annee de Mastere de recherche ou en Doctorat, ou encore les etudiants de l'annee terminale du cycle d'ingenieur.' Applicant must therefore already be enrolled in a Tunisian PUBLIC institution - private-institution students are excluded by this clause. EUR 1000/month in the EU. Quota allocated to each university by the Direction des Bourses et des Prets and distributed via the doctoral schools (manuel de procedures, MESRS, July 2020).",NOT_FOUND,after university application,via home ministry,https://best.rnu.tn/bourses-universitaires/,2026-08-16,high
ESMT High Achievers GMAT/GRE Scholarship,ESMT Berlin,institutional,Germany,ESMT Berlin,A,partial,5000 (up to; four scholarships available),NOT_FOUND,yes,"No nationality restriction. Requires a GMAT, GMAT Focus or GRE percentile rank above 94% (GMAT at least 720 or GMAT Focus at least 675); a copy of the score must accompany the scholarship essay.",NOT_FOUND,Submitted with the admission application - the scholarship essay is part of the ESMT online application,apply via university (scholarship essay inside the online admission application),https://esmt.berlin/master-programs/scholarships-financing,2026-08-16,high
Maynooth University International Excellence Scholarship,Maynooth University,institutional,Ireland,Maynooth University,both,partial,5000 (tuition fee discount for one year; six awards),One year,yes,"One scholarship per region: North America, Latin America, South Asia, East Asia, Southeast Asia and Rest of the World - Tunisia falls under 'Rest of the World'. Requires non-EU fee-paying status, a full-time postgraduate programme, and a minimum overall result of 80% in the primary degree. A personal statement must be submitted.",2026-03-31 (applications open 2026-02-01),"After the offer - the applicant must have ACCEPTED the offer and PAID THE DEPOSIT by 31 March 2026, the same day the scholarship application closes",apply via university (separate MS Form scholarship application with personal statement),https://www.maynoothuniversity.ie/international/scholarships,2026-08-16,high
NL Scholarship (formerly Holland Scholarship),"Dutch Ministry of Education, Culture and Science together with participating Dutch research universities and universities of applied sciences",national,Netherlands,Participating Dutch research universities and universities of applied sciences,both,partial,"5000 (one-off, paid in the first year only — explicitly not a full-tuition scholarship)",First year of study only; not renewable,"yes — the eligibility clause is nationality-based with no country list: 'Your nationality is non-EEA' (Study in NL, NL Scholarship eligibility)","Also requires application to a full-time bachelor's or master's programme at a participating institution, that the applicant has no degree from a Dutch institution, and that the institution's own requirements are met. Award decisions and deadlines are institution-specific. UNVERIFIED: depends on GPA and IELTS status (institutions select on their own criteria)",NOT_FOUND (institution-specific; the 2026-2027 round opened 2025-11-01) PRIOR_CYCLE,before/with university application — the scholarship is applied for through the chosen institution alongside admission,apply via university,https://www.studyinnl.org/finances/holland-scholarship,2026-08-16,high
UPF-BSM MSc's Scholarships,UPF Barcelona School of Management - Universitat Pompeu Fabra,institutional,Spain,UPF Barcelona School of Management - Universitat Pompeu Fabra,A,partial,4625 (25% of total tuition on the 18500 EUR fee; the Allocation Committee may exceptionally increase the percentage),The master's programme,yes,Available for all official Master of Science (master oficial) programmes at UPF-BSM. No nationality restriction stated. Requires a completed official university degree and a weighted average equivalent to at least 8/10 in the Spanish system or GPA 3.4/4.0. Cannot be applied for where credits are recognised from a previous degree or by repeating students.,NOT_FOUND (must be requested at the time of admission),At the time of the admission application - the scholarship must be requested when applying for admission,apply via university (request made within the admission application),https://www.bsm.upf.edu/en/master-of-science-scholarships,2026-08-16,medium
UPF-BSM Merit Based Scholarship,UPF Barcelona School of Management - Universitat Pompeu Fabra,institutional,Spain,UPF Barcelona School of Management - Universitat Pompeu Fabra,A,partial,4625 (25% of total tuition on the 18500 EUR fee; can be increased by a further 25% - to 9250 EUR - on proven financial hardship),The master's programme,yes,"No nationality restriction stated. Requires a completed university qualification and a minimum undergraduate GPA of 3.0/4.0 (foreign transcripts must be converted via the Spanish Ministry equivalence tool), and requires admission to the master's programme before the scholarship is assessed. Not compatible with UPF or UPF-BSM Alumni discounts.","2026-06-18 (1st call); 2026-09-03 (2nd call); 2026-11-26 (3rd call, Jan-Mar 2027 starts only); 2027-01-21 (4th call, Jan-Mar 2027 starts only)",After admission - candidate must already have been admitted to the master's programme; applications after the call deadline are rejected even if classes have not started,apply via university (separate application via the eRegistrar 'Scholarships and Funding' section with motivation letter and verifiable-merits list),https://www.bsm.upf.edu/en/talent-scholarship,2026-08-16,high
ESMT Early Application Award,ESMT Berlin,institutional,Germany,ESMT Berlin,A,partial,4000 if admitted and applied by 31 January; 2000 if by 31 March PRIOR_CYCLE (2026 intake; total programme fee 34000-36000 EUR),One-off reduction of the total programme fee,yes,No nationality restriction. Awarded by the round in which the online application was submitted; applications must be submitted by 23:59 Berlin time on the deadline day. No scholarship essay is required for the early application discount. All 2026 Early Application Awards had been granted as at the verification date.,31 January (round one) and 31 March (round two) PRIOR_CYCLE,"Before/at the programme application - the award is determined purely by the date the admission application is submitted, so it is lost by applying late",apply via university (automatic on submitting the admission application by the round deadline),https://esmt.berlin/master-programs/scholarships-financing,2026-08-16,medium
Esade Big Data Award (MSc Excellence Award),Esade Business School - Universitat Ramon Llull,institutional,Spain,Esade Business School - Universitat Ramon Llull,A,partial,3900-19500 (Excellence Awards range from 10% to 50% of the 39000 EUR MSc tuition fee; average award in the last intake was 26%),One-year MSc programme,yes,Open to all MSc in Business Analytics applicants who can demonstrate strong analytical skills and a passion for big data; no nationality restriction stated. Candidates may apply for only one Excellence Award.,2026-07-15 PRIOR_CYCLE (deadline for Excellence Award applications for the 2026 intake),Separate scholarship application submitted alongside the MSc admission application,apply via university (separate Excellence Award application),https://www.esade.edu/master-of-science/en/fees-and-financing,2026-08-16,high
Esade MSc African Talent Award (MSc Awards for Excellence by Geographical Area),Esade Business School - Universitat Ramon Llull,institutional,Spain,Esade Business School - Universitat Ramon Llull,A,partial,3900-19500 (Excellence Awards range from 10% to 50% of the 39000 EUR MSc tuition fee; average award in the last intake was 26%),One-year MSc programme,yes,Eligibility clause under 'MSc Awards for Excellence by Geographical Area': 'African Talent Award (Candidates from African countries)'. Awarded to talented young professionals of any nationality with an outstanding academic record; special consideration for above-average GMAT/GRE. Maximum two supporting documents on academic prizes/awards. Candidates may apply for only one Excellence Award. Not compatible with other Esade prizes or awards.,2026-07-15 PRIOR_CYCLE (deadline for Excellence Award applications for the 2026 intake),Separate scholarship application submitted alongside the MSc admission application,apply via university (separate Excellence Award application),https://www.esade.edu/master-of-science/en/fees-and-financing,2026-08-16,high
Jonkoping University (JU) Scholarship,Jonkoping University,institutional,Sweden,Jonkoping University,A,partial,3764 (30% of the tuition fee; JU non-EU master fee 12547 EUR/year),The duration of the programme,yes,Eligibility clause: the applicant must 'be a citizen of a country which is required to pay tuition fees in Sweden'; residency in the home country at the time of application is not required. Offered by Jonkoping University on behalf of the Swedish government. Requires admission to a JU bachelor's or master's programme.,2027-05-02 for autumn 2027 starts (scholarship application opens 2026-10-16 with the programme application),Opens at the same time as the programme application and closes after it - but a separate application is mandatory even if the programme application has already been made via universityadmissions.se,apply via university (separate application at smile.ju.se/public),https://ju.se/en/study-at-ju/application-and-admission/scholarships-and-funding/scholarships-from-jonkoping-university.html,2026-08-16,high
UCSC International Scholarship,Universita Cattolica del Sacro Cuore,institutional,Italy,Universita Cattolica del Sacro Cuore,A,partial,2970 (reduces the flat non-EU tuition fee from 9370 EUR to 6400 EUR per year),"Renewed automatically each year, valid for a maximum of three additional years beyond the normal study period",yes,For students whose family income is produced in non-EU countries applying to 2-year Master's degree programmes. Not combinable with EDUCatt financial aid; recipients cannot switch to an income-based tuition scheme during their studies.,NOT_FOUND (applied for during the online admission application),During the admission application - requested inside the online application; the award is communicated together with the admission offer,apply via university (request made within the online admission application),https://international.unicatt.it/ucscinternational-admission-and-tuition-tuition-fees-and-scholarships-10154,2026-08-16,high
Nova SBE Merit Scholarship,Nova School of Business and Economics,institutional,Portugal,Nova School of Business and Economics (Nova SBE) - Universidade NOVA de Lisboa,A,partial,2600 or 6500 (20% or 50% of the 13000 EUR non-EU master's tuition fee),The master's programme,yes,"Awarded on high academic performance; open to all nationalities. Combined Nova SBE funding cannot exceed 70% of total tuition unless it is a 100% social mobility scholarship. Does not fund the application fee, the first tuition instalment paid as enrolment fee, CEMS, Double Degree, additional semesters or exchange programmes. Fall intake only.",Closes when the master's application is submitted (Fall intake only),"Declared inside the master's application form - admission to the programme is a prerequisite, so the scholarship interest must be flagged at the moment of applying",apply via university (declaration of interest within the master's application),https://www.novasbe.unl.pt/en/programs/scholarships-funding/masters,2026-08-16,high
Nova SBE Social Mobility Scholarship,Nova School of Business and Economics,institutional,Portugal,Nova School of Business and Economics (Nova SBE) - Universidade NOVA de Lisboa,A,partial,"2600, 6500 or 13000 (20%, 50% or 100% of the 13000 EUR non-EU master's tuition fee)",The master's programme,yes,"Eligibility clause: 'All candidates can apply for this scholarship, regardless of their country of origin.' Requires proven financial need with household income documentation (tax return). Combined Nova SBE funding cannot exceed 70% of tuition except where funding is entirely a 100% social mobility scholarship. Available for Fall and Spring intakes.",Closes when the master's application is submitted (Fall and Spring intakes),Declared inside the master's application form together with the tax return; admission is a prerequisite,apply via university (declaration of interest plus tax return within the master's application),https://www.novasbe.unl.pt/en/programs/scholarships-funding/masters,2026-08-16,high
Stipendium Hungaricum Scholarship Programme,Government of Hungary — Ministry of Foreign Affairs and Trade / Tempus Public Foundation,bilateral,Hungary,Hungarian higher education institutions listed in the Stipendium Hungaricum Study Finder,both,tuition+stipend,"2520 (HUF 43,700/month stipend = cca EUR 110 + HUF 40,000/month accommodation contribution = cca EUR 100; source's own EUR conversion at 13 Oct 2025 rate) PRIOR_CYCLE","Full standard duration of the master's programme, 12 months per year","yes — 'Tunisian Republic' is named in the full-degree Sending Partner list, Call for Applications 2026/27, Section 2.1 'Eligible Sending Partners', p.7","Tuition-free; medical insurance up to HUF 65,000/year. No upper age limit; applicants born after 31 Aug 2008 (under 18) excluded. Language: minimum level set by host institution, generally B2 in the language of instruction. Compulsory 'Hungarian as a foreign language' course in year 1; failing the exam cuts the stipend to HUF 30,000/month. Nomination by the Tunisian Sending Partner is a hard eligibility condition — 'Applications will be considered eligible only if the responsible authorities of the Sending Partner nominate the applicant'. UNVERIFIED: depends on GPA and IELTS status (institution-set minimum entry requirements per programme)",2026-01-15 PRIOR_CYCLE,before university application — the SH application IS the admission application; applicants pick up to 2 programmes in the SH system and institutions run the entrance procedure afterwards,"apply direct + via home ministry — simultaneous submission to Tempus Public Foundation online AND to the Tunisian Sending Partner (the ministry responsible for higher education), which must nominate the applicant",https://stipendiumhungaricum.hu/wp-content/uploads/2025/10/BA_MA_OTM_Call_for_Applications_2026_27.pdf,2026-08-16,high
DCU Business School International Scholarship,Dublin City University,institutional,Ireland,Dublin City University,A,partial,2000 (fee reduction on the full-time 2026-2027 non-EU tuition fee),One year,yes,Available to non-EU applicants who have received an offer to study on eligible postgraduate programmes in DCU Business School. A successful recipient of a DCU International scholarship is not then considered for another DCU scholarship such as the Merit Scholarship.,NOT_FOUND,After receiving a programme offer - the award is attached to an offer holder on an eligible programme,apply via university (automatic; only successful recipients are notified by email),https://www.dcu.ie/global/international-scholarships,2026-08-16,high
Corvinus Early Bird tuition fee discount,Corvinus University of Budapest,institutional,Hungary,Corvinus University of Budapest,both,partial,1080 (10% off the first-year tuition fee; Corvinus non-EU master fee 10800 EUR/year),First year only,yes,"No nationality restriction stated. Requires applying by the early-bird date AND completing the Corvinus admissions requirements by the end of March 2026. Distinct from the Corvinus Scholarship, which is limited to the MSc in Management and Leadership, MSc in Finance and the International MBA and therefore does not cover the Track A or Track B programmes at Corvinus.","2026-01-26 (apply by this date), with admissions requirements completed by end of March 2026",Before/at the programme application - the discount is determined solely by the date the application is submitted,apply via university (automatic on applying via the DreamApply platform by the early-bird date),https://corvinus-university.dreamapply.com/news/new/50-full-tuition-scholarships-available-corvinus,2026-08-16,high
SI Scholarship for Global Professionals (SISGP),Swedish Institute (Svenska institutet),national,Sweden,"Swedish universities, restricted to the SI-eligible master's programme list",both,tuition+stipend,"NOT_FOUND (full tuition paid direct to the university, SEK 12,000/month living allowance and a SEK 15,000 one-off travel grant; no EUR figure published)",One- or two-year master's programme,"no — the country list is closed at 34 countries and Tunisia is not among them: Armenia, Azerbaijan, Bangladesh, Belarus, Bolivia, Brazil, Colombia, Ecuador, Egypt, Ethiopia, Georgia, Guatemala, Indonesia, Iraq, Jordan, Kenya, Liberia, Malaysia, Mexico, Moldova, Morocco, Nigeria, Peru, Philippines, Rwanda, Senegal, South Africa, Tanzania, Thailand, Uganda, Ukraine, Uzbekistan, Vietnam, Zambia","Recorded as a negative: Morocco and Egypt are covered but Tunisia is not, which makes this a likely false-positive for a North African applicant. The scheme would otherwise also require demonstrated work and leadership experience",2026-02-25 PRIOR_CYCLE,after university application — applicants must first apply through universityadmissions.se (16 Oct – 15 Jan) and be fee-liable,"apply direct — SI scholarship portal, after the University Admissions application",https://si.se/en/apply/scholarships/swedish-institute-scholarships-for-global-professionals/,2026-08-16,high
IE Middle East & Africa Award,IE University,institutional,Spain,IE University (IE Business School and IE School of Science and Technology),both,partial,NOT_FOUND (IE Awards cover between 10% and 40% of tuition fees),Duration of the degree,unclear,"Eligibility clause on the IE Awards page: 'These awards are available to candidates that are residing in a country that is included in the specified region (listed below) at the time of application'; nationality: all nationalities. The region country list is rendered client-side behind a 'More info' control and could not be retrieved, so Tunisia's inclusion is not confirmed. Requires outstanding academic and/or professional profile.",Programme start date (stated deadline for all IE Awards),After applying for admission - a financial aid application is required and is assessed on merit and financial need,apply via university (separate financial aid application),https://www.ie.edu/financial-aid/masters/awardsandscholarships/,2026-08-16,medium
IE Technology & Innovation Award,IE University,institutional,Spain,IE University (IE Business School and IE School of Science and Technology),A,partial,NOT_FOUND (IE Awards cover between 10% and 40% of tuition fees),Duration of the degree,yes,"Nationality: all nationalities; country of residence: all countries; all programmes. Requires at least one year of relevant professional experience, interest in technology/digital business/analytics, STEM, business or social sciences background.",Programme start date (stated deadline for all IE Awards),"After applying for admission - financial aid application required, assessed on merit and financial need",apply via university (separate financial aid application),https://www.ie.edu/financial-aid/masters/awardsandscholarships/,2026-08-16,high
Banach NAWA Scholarship Programme (Program im. prof. Stefana Banacha),"Polish National Agency for Academic Exchange (NAWA) with the Ministry of Foreign Affairs, under Polish development cooperation",national,Poland,Public and other universities supervised by the Minister of Science and Higher Education that have a framework agreement with NAWA,both,tuition+stipend,"NOT_FOUND (PLN 2,500/month; PLN 30,000/year plus a one-off PLN 2,500 travel allowance — source publishes no EUR equivalent)","Second-cycle (master's) studies, max 12 months of stipend per year; Polish-track may be preceded by a funded one-year preparatory course","yes — 'Tunezja' is named in the eligible-citizenship list, Banach NAWA call announcement no. 27/2025 of 6 June 2025, sections 2.1 and 2.2 point 1; the 2026 call restates the same '36 countries covered by Polish Aid'",Exemption from tuition fees at public universities. Must hold a Bachelor's obtained no earlier than 2024 or graduate by 15 July 2026 (2026 call wording; the window moves with the cycle) and must not already hold a master's degree. Minimum B2 English for English-track (B1/B2 Polish for Polish-track). Must not hold or have applied for Polish citizenship. Self-presentation video required. Call closes early if 300 applications are received in a country group. UNVERIFIED: depends on expected graduation date and IELTS status,2026-05-08 PRIOR_CYCLE,before/parallel to university application — NAWA does not mediate admission; the applicant must independently take part in the chosen university's recruitment,apply direct — online only via the NAWA ICT system (programs.nawa.gov.pl),https://nawa.gov.pl/en/nawa/news/call-for-applications-banach-nawa-2026,2026-08-16,high
EIT Digital Master School Scholarship of Excellence (full tuition waiver plus living allowance),"EIT Digital, sponsored by the European Commission projects SPECTRO, EMAI4EU, RESCHIP4EU, ACHIEVE and ARISE",EU,All countries within the sponsoring projects,"Autonomous Systems and Intelligent Robots, Cloud and Networking Infrastructure and HPC, Cyber Security, Artificial Intelligence with Affective Computing, Intelligent Chips and Systems, Human-Computer Interaction and Design with Extended Reality",both,tuition+stipend,NOT_FOUND,Full two-year duration of the programme,no - the EIT Digital Master School fees page lists this award as 'Available to: Citizens of EU/EEA countries'; a Tunisian national is excluded unless they also hold EU/EEA citizenship,"Recorded so this scheme is not re-researched: it is the only EIT Digital award that carries a living allowance, and it is closed to non-EU/EEA nationals; the merit-based full and half tuition fee waivers on the same page remain open to all students",2026-02-11 PRIOR_CYCLE,before university application - awarded through the same application portal and the same Period 1 deadline as the tuition fee waivers,apply direct,https://masterschool.eitdigital.eu/admissions/fees,2026-08-16,high
Becas MAEC-AECID — Programa África-Med Máster,"Agencia Española de Cooperación Internacional para el Desarrollo (AECID), Spanish Ministry of Foreign Affairs",bilateral,Spain,Spanish universities offering an official máster (máster oficial); 30 scholarships in the 2026/2027 call,A,partial,NOT_FOUND (the call refers to a 'mensualidad' plus health insurance in Spain but publishes no figure on this page),One academic year of an official master's programme,"yes — 'Túnez' is named in the eligible-country list of the África-Med Máster programme, convocatoria 2026/2027","HARD BLOCKER for this applicant: applicants must be permanent (non-temporary) public employees and must supply their hierarchical superior's authorisation to study abroad. Admission to the master's for the relevant academic year must already be held at the time of application. Spanish proficiency must be evidenced (or the language in which the master's is taught, if different). Note the Wave-1 trap: only a máster oficial qualifies, never a título propio. UNVERIFIED: depends on employment status — the profile records no public-sector employment",2026-07-15 PRIOR_CYCLE,after university application — admission to the master's must already be held when applying,apply direct — AECID Sede Electrónica (electronic registry),https://www.aecid.es/becas-para-ciudadanos-de-paises-de-america-latina-africa-y-asia,2026-08-16,medium
Borse di studio offerte dal Governo italiano a studenti stranieri e italiani residenti all'estero (IRE),"Ministero degli Affari Esteri e della Cooperazione Internazionale (MAECI), Italy",bilateral,Italy,Italian state and legally recognised universities and AFAM institutions,both,tuition+stipend,NOT_FOUND,Master's (Laurea Magistrale) and AFAM courses; renewable within the call's limits,yes,"The call is published to Tunisians by the Italian Embassy in Tunis (ambtunisi.esteri.it, March 2026 announcement of the 2026-2027 bando) and was circulated in Tunisia in the 2025-2026 cycle as 495 monthly scholarships with an age limit of 18-28 for Laurea Magistrale and 30 for doctorate, requiring an Italian language certificate at B2 except for English-taught courses (La Presse de Tunisie, 8 May 2025, reporting the MESRS-circulated offer). The official annex 'List of eligible countries and other territories' on https://studyinitaly.esteri.it/ListaBandi could not be opened, so Tunisia's presence on the country list is inferred from the Tunis embassy publication rather than read from the annex. Scholarships are valid only for courses held on Italian territory ('Scholarships are available for attending academic courses on the Italian territory only').",2026-03-26 PRIOR_CYCLE,before university application,apply direct (Study in Italy portal),https://www.esteri.it/en/servizi-opportunita/opportunita/borse-di-studio/per-cittadini-stranieri/borsestudio_stranieri/,2026-08-16,medium
Bourses de formations internationales 2027-2028,"Academie de Recherche et d'Enseignement Superieur (ARES), Federation Wallonie-Bruxelles, Belgium",bilateral,Belgium (Federation Wallonie-Bruxelles),"Fixed ARES catalogue - for 2027-2028: 1 bachelier de specialisation, 8 masters de specialisation and 1 continuing-education certificate",both,tuition+stipend,NOT_FOUND,Duration of the specialisation master's programme,yes,"Tunisia is one of the 32 ARES partner countries listed on the call page. Blocking eligibility clauses on the same page: the applicant must be a permanent resident of and working in one of the 32 eligible countries; must hold a higher-education diploma meeting the programme's admission requirements, obtained no more than 20 years before the training starts (extended by one year per child); and must demonstrate at least two years of relevant professional occupation after graduation. Only one programme may be applied for. A 2027 graduate with no professional experience does not meet the two-year work-experience condition. The 2027-2028 catalogue of masters de specialisation was not checked programme by programme against Track A / Track B. The grant covers international travel, a subsistence allowance, visa fees, registration costs and insurance; no monetary amount is stated on the call page.",2026-09-18,before university application,apply direct (ARES GIRAF platform),https://ares-ac.be/fr/bourses-de-formations-internationales-2027-2028,2026-08-16,high
Bourses de formations internationales ARES 2027-2028,"Académie de recherche et d'enseignement supérieur (ARES), Belgium — Belgian development cooperation",bilateral,Belgium (French Community),"French Community of Belgium universities, restricted to the eight designated masters de spécialisation",neither,tuition+stipend,"NOT_FOUND (the call lists the covered items — international travel, living allowance, visa fees, registration fees, insurance — but publishes no monthly figure on this page)","Duration of the master de spécialisation (60 ECTS, one academic year)","yes — 'Tunisie' is named in the list of 32 ARES partner countries, section 'Pays éligibles' of the 2027-2028 call","TWO BLOCKERS for this applicant. (1) The applicant must be a permanent resident of and working in an eligible country, with at least two years of relevant professional experience after the last higher-education degree, obtained before the closing date. (2) None of the eight masters de spécialisation matches Track A or Track B: human rights; integrated health risk management; international and development economics; microfinance; public health sciences; food chain security management; preventive conservation and collections management; risk and disaster management in the Anthropocene. Also: the diploma must be no more than 20 years old, fluency in the language of the training must be proven, and only one programme may be applied for. UNVERIFIED: depends on work history — the profile records no professional experience",2026-09-18,before university application — the ARES application is the route into the programme; ARES handles placement in the master de spécialisation,apply direct — ARES GIRAF platform,https://ares-ac.be/fr/bourses-de-formations-internationales-2027-2028,2026-08-16,high
Government Scholarships Programme Tunesia,Ministere de l'Enseignement Superieur et de la Recherche Scientifique (Tunisia); listed and administered through DAAD,bilateral,Germany,State and state-recognised universities in Germany,both,tuition+stipend,NOT_FOUND,"Up to 6 years, through to the master's degree",yes,"Eligibility clause on the DAAD scholarship database entry (Objective / Who can apply): 'The programme supports students from the Republic of Tunisia' and 'The programme is aimed at applicants with a secondary education diploma wishing to take a Bachelor or Master's degree in Germany.' Entry point is therefore the secondary-school diploma, not the licence - a 180-ECTS holder entering directly at master's level is not the stated target group and the portal's selectable applicant status is 'Undergraduates'. Value: 'Tunesia's Ministere de l'Enseignement Superieur covers ... monthly scholarship payments, one-off payment of travel expenses, payments towards health insurance cover, payment of semester fees at German universities.' Selection: 'The Ministere de l'Enseignement Superieur et Recherche Scientifique Tunis is responsible for awarding the scholarships. The most important selection criteria are the candidate's academic achievements.' DAAD Regional Office Tunis, info@daad.tn.",NOT_FOUND,before university application,via home ministry,https://www2.daad.de/deutschland/stipendium/datenbank/en/21148-scholarship-database/?detail=10000344,2026-08-16,medium
Government Scholarships Programme Tunisia,"Ministère de l'Enseignement Supérieur et de la Recherche Scientifique (MESRS), Tunisia — listed and supported by DAAD",bilateral,Germany,State and state-recognised German universities,A,tuition+stipend,NOT_FOUND (source lists the benefit categories but no figures),"Up to 6 years in total, through to the award of a master's degree","yes — the programme exists solely for Tunisia: 'The programme supports students from the Republic of Tunisia', and Tunisia is the only entry in the country selector","MESRS covers monthly scholarship payments, a one-off travel payment, health insurance contributions and semester fees at German universities; MESRS alone awards the scholarships, on academic achievement. LIKELY BLOCKER: the DAAD entry describes it as 'aimed at applicants with a secondary education diploma wishing to take a Bachelor or Master's degree' and the status selector offers only 'Undergraduates' — it appears to be an entry-at-bachelor pipeline that carries through to the master's, not a direct master's-entry scheme for a licence holder. DAAD's own note on this entry adds that it was described as aimed at engineering students. UNVERIFIED: whether a 180-ECTS licence holder can enter at master's level — confirm with MESRS and the DAAD Regional Office Tunis",NOT_FOUND,"NOT_FOUND — awarding is by MESRS, ahead of German university admission","via home ministry — Ministère de l'Enseignement Supérieur et de la Recherche Scientifique, Tunis; DAAD Regional Office Tunis (info@daad.tn) advises",https://www2.daad.de/deutschland/stipendium/datenbank/en/21148-scholarship-database/?detail=10000344,2026-08-16,medium
Lithuanian State Scholarships for full-time master's degree studies,"Government of Lithuania — Ministry of Education, Science and Sport, administered by the Education Exchanges Support Foundation",bilateral,Lithuania,Lithuanian higher education institutions; 70 grants in the 2026 call,both,tuition+stipend,"NOT_FOUND (monthly scholarship plus a grant covering the study cost; the rate is set by ministerial order, published only in Lithuanian)",Full-time master's degree studies,"no — the 2026 call limits funding to citizens of Armenia, Azerbaijan, China (PRC and Taiwan), Georgia, Indonesia, Israel, Japan, Kazakhstan, Moldova, New Zealand, Philippines, South Korea, Ukraine, the United States, Uzbekistan, Vietnam and foreign citizens of Lithuanian origin from non-EU/non-EFTA countries. Tunisia is not included","Recorded as a negative. Quotas: 20 grants for Ukraine, 5 for people of Lithuanian origin, no more than 10 per other country",NOT_FOUND,NOT_FOUND,apply direct,https://studyin.lt/scholarships/full-time-master-degree-studies/,2026-08-16,high
Programme de bourses d'etudes Ingenieur-Ingenieur du Gouvernement francais,"Gouvernement francais / Institut francais de Tunisie, with MESRS",bilateral,France,French ecoles d'ingenieurs delivering a double ingenieur/ingenieur diploma with a Tunisian engineering school,A,partial,NOT_FOUND,22 months from September,yes,"Eligibility clause in the Campus France Tunisie programme brochure: 'Programme reserve aux eleves ingenieurs de niveau bac+4 inscrits dans une ecole d'ingenieurs en Tunisie et preparant un double diplome ingenieur / ingenieur avec une ecole d'ingenieurs francaise.' A holder of a three-year licence from a business school is outside this target group. The call is live for 2026: MESRS relayed 'Appel a candidatures - Bourses d'etudes Ingenieur-Ingenieur du Gouvernement francais' on 4 June 2026, directing candidates to the Institut francais de Tunisie. Amount and covered items were not published on either relay page and the Institut francais de Tunisie call page returned 404 at the time of checking.",NOT_FOUND,after university application,apply direct (Institut francais de Tunisie),https://best.rnu.tn/appel-a-candidatures-bourses-detudes-ingenieur-ingenieur-du-gouvernement-francais/,2026-08-16,medium
Programme de bourses partenariales - niveau Master 2 recherche,"Institut francais de Tunisie / Ambassade de France en Tunisie, with MESRS",bilateral,France,French universities hosting the second year of a Master recherche under an inter-university double-diploma agreement,both,partial,NOT_FOUND,September to June of the following year (one academic year),unclear,"Open only to Tunisian nationals but with a blocking entry condition. Eligibility clause on the MESRS relay page for the 2021 call (https://best.rnu.tn/offre-de-bourses-partenariales-niveau-master-2-recherche-2021/): 'Etudiants tunisiens inscrits en deuxieme annee de formation d'ingenieur ou en premiere annee Master recherche' in Tunisia who intend to take the second year of the Master recherche at a French university under a double diploma; the candidate must hold the inter-university agreement and its specific avenant, and must have validated the first semester of Master 1. All disciplinary fields are eligible. A holder of a licence who has not started a Tunisian master cannot apply. LIVENESS NOT CONFIRMED: the last call visible on the MESRS scholarship portal timeline is 'Programme de bourses Ingenieur/Master 2 (IFT)' dated 31 May 2024; the 2025 and 2026 entries on the same timeline cover only the Ingenieur-Ingenieur programme, and the Institut francais de Tunisie page for this programme now returns 404.",NOT_FOUND,after university application,apply direct (Institut francais de Tunisie),https://best.rnu.tn/offre-de-bourses-partenariales-niveau-master-2-recherche-2021/,2026-08-16,low
Stipendium Hungaricum,"Tempus Public Foundation / Government of Hungary, under a bilateral education agreement with Tunisia",bilateral,Hungary,Hungarian higher education institutions listed in the Stipendium Hungaricum Study Finder,both,tuition+stipend,NOT_FOUND,Full degree master's programme,yes,"Tunisia is a named Sending Partner. Eligibility clause on https://stipendiumhungaricum.hu/partners/ under the Tunisia entry: 'Full degree master studies: Agricultural Sciences, Arts and Humanities, Social Science, Computer Science and Information Technology, Legal Science, Economic Science, Engineering Science, Medical and Health Science, Sport Science, Natural Science, Arts, Art Education, Political Science and Public Governance' - Track A is covered by Economic Science and Computer Science and Information Technology, Track B by Arts / Art Education / Arts and Humanities. Same entry: 'Name of responsible authority: Ministry of Higher Education and Scientific Research. Name of responsible person(s): Imed BEN ABDERRAHIM. E-mail address(es): mesrs.dgci.bourses@gmail.com. Website: http://www.mes.tn. Telephone: +216 71 841 380 Ext. 3517. Address: Av Ouled Haffouz 1030 Tunis - Tunisia. Application deadline to Sending Partner is the same as the application deadline to Tempus Public Foundation.' Two-step: online application in DreamApply (maximum 2 programme choices) AND a parallel application to the Tunisian Sending Partner, which produces the nomination list in February. Applicants must score at least 56/100 in the Hungarian institution's entrance procedure. 2026/27 timeline: deadline 15 January 2026 14:00 CET, nomination lists February 2026, entrance exams March-May 2026, results June 2026.",2026-01-15 PRIOR_CYCLE,the scholarship application IS the university application (DreamApply) - the parallel MESRS nomination file is due on the same date,apply direct (DreamApply) and via home ministry (MESRS nomination),https://stipendiumhungaricum.hu/partners/,2026-08-16,high
Swiss Government Excellence Scholarships - Art Scholarships,"State Secretariat for Education, Research and Innovation (SERI), Switzerland",bilateral,Switzerland,Swiss universities of the arts,B,tuition+stipend,NOT_FOUND,Master's degree in an artistic field,unclear,"The only Swiss federal excellence scholarship that funds an initial master's is the Art Scholarship, and the SERI page states it is 'available to students from a limited number of countries only' without publishing the list at the time of checking. The Research Fellowship track is explicitly post-master's ('early career researchers ... who have already completed their Master's degree') and therefore does not qualify. SERI states 'Information on application deadlines and scholarship available by country of origin will be published here in August 2026' and 'Applications are open starting August 20, 2026', so Tunisia's inclusion for the 2027-28 cycle can only be confirmed after that publication. Applications are made through the Swiss embassy in the country of origin.",NOT_FOUND,before university application,apply direct (Swiss embassy in Tunis),https://www.sbfi.admin.ch/sbfi/en/home/education/scholarships-and-grants/swiss-government-excellence-scholarships.html,2026-08-16,low
VLIR-UOS ICP Connect Scholarships,"VLIR-UOS, Flemish Interuniversity Council — Belgian development cooperation",bilateral,Belgium (Flanders),"Flemish universities, restricted to the International Course Programme (ICP) master's list",both,tuition+stipend,NOT_FOUND,Duration of the ICP master's programme (1–2 years),no — the ICP Connect country list is closed at 29 countries and Tunisia is not on it; the only North African / MENA entries are Morocco and Palestine,"Recorded as a negative. As with the Swedish scheme, Morocco's presence makes this an easy false positive for a Tunisian applicant",NOT_FOUND,before university application,"apply direct — to the ICP programme, which forwards the scholarship application",https://www.vliruos.be/country-list-icp-connect-scholarships,2026-08-16,high
Amsterdam Merit Scholarship (AMS),University of Amsterdam,institutional,Netherlands,University of Amsterdam,both,partial,NOT_FOUND (amounts are set per Faculty or Graduate School and are not published on the central page),NOT_FOUND,yes,"Eligibility clause: 'Students who hold a non-EU/EEA passport and have applied for a degree programme at the University of Amsterdam'. Eligibility criteria, selection criteria and application instructions differ per Faculty or Graduate School.",NOT_FOUND (deadlines for the AMS differ per Faculty or Graduate School),After applying for the degree programme - applications are submitted to the Admissions Office of the relevant Graduate School,apply via university (application to the Graduate School Admissions Office),https://www.uva.nl/en/education/fees-and-funding/masters-scholarships-and-loans/amsterdam-merit-scholarship/amsterdam-merit-scholarship.html,2026-08-16,medium
DCU Merit Scholarship,Dublin City University,institutional,Ireland,Dublin City University,both,partial,NOT_FOUND (described only as a partial merit-based scholarship),NOT_FOUND,yes,Offered to some non-EU students; no nationality restriction beyond non-EU fee status.,NOT_FOUND,Automatic from the programme application - 'You are automatically considered for a scholarship when you apply as a non-EU student to DCU'; the result is communicated with the admission decision,apply via university (automatic on the admission application),https://www.dcu.ie/global/international-scholarships,2026-08-16,high
Frankfurt School Pre-experience Master's Scholarship,Frankfurt School of Finance & Management,institutional,Germany,Frankfurt School of Finance & Management,A,partial,NOT_FOUND (the master scholarship page states only that 'Scholarships cover a partial amount of tuition'),NOT_FOUND,yes,"Open to top applicants of the pre-experience master's programmes; no nationality restriction stated. Selection on first-degree grade, admission test score (e.g. GMAT), performance in the Frankfurt School selection procedure, extracurricular activities, social commitment, intercultural skills and international experience. Awards are made continuously through the admission process on a first-come first-served basis.",30 June (completed applications for all pre-experience master's programmes must be submitted by 30 June),"Submitted with the admission application - the scholarship section is part of the online application form; 'Scholarship applications sent after the application will not be considered'. Because awards are first-come first-served, applying early materially matters.",apply via university (answer the scholarship question inside the online admission application),https://www.frankfurt-school.de/en/students-alumni/financing,2026-08-16,medium
IE High Potential Award,IE University,institutional,Spain,IE University (IE Business School and IE School of Science and Technology),both,partial,NOT_FOUND (amount varies with the candidate's merit and available funding at the time of admission),Duration of the degree,yes,Nationality: all nationalities; country of residence: all countries; all programmes. Merit-based.,NOT_FOUND,Automatic - all candidates are considered by applying for admission; recipients are notified with the admission offer,apply via university (no financial aid application required),https://www.ie.edu/financial-aid/masters/awardsandscholarships/,2026-08-16,high
UCC College of Business and Law Merit Based Scholarships 2026/27,University College Cork,institutional,Ireland,University College Cork,A,partial,NOT_FOUND (value not published on the UCC international scholarships table),NOT_FOUND,yes,"Listed on UCC's 'Scholarships offered to Students from outside the EU' table for taught master's programmes in the College of Business and Law, with status 'Automatic'. Detailed eligibility criteria are not published on the table page.",NOT_FOUND,Automatic - awarded on the basis of the programme application/offer without a separate scholarship application,apply via university (automatic),https://www.ucc.ie/en/scholarships/internationaltable/,2026-08-16,low
Czech Government Scholarships for students from developing countries,"Government of the Czech Republic — Ministry of Education, Youth and Sports (MŠMT), with the Ministry of Foreign Affairs",national,Czechia,"Czech public higher education institutions; follow-up master's plus a one-year Czech language preparatory course for Czech-taught programmes, follow-up master's and doctoral for English-taught",both,tuition+stipend,NOT_FOUND,Standard length of the follow-up master's programme,"no — the eligible-country list is closed and Tunisia is not on it. Study in the Czech Republic (Dům zahraniční spolupráce, the Czech national agency) lists exactly: Bosnia and Herzegovina, Georgia, Ukraine, Belarus (democratic forces), Ethiopia, Nigeria, Rwanda, Zambia, Cambodia, Sri Lanka, Guatemala, Jordan",Recorded as a negative so the scheme is not re-proposed. The country list has been progressively narrowed in recent years and no longer covers North Africa,NOT_FOUND,NOT_FOUND,via home ministry — historically through the Czech embassy accredited to the applicant's country; not applicable for Tunisia,https://www.studyin.cz/plan-your-studies/scholarships/,2026-08-16,high
Danish Government Scholarships for highly qualified non-EU/EEA students,"Danish Ministry of Higher Education and Science, administered by the Danish universities",national,Denmark,"Danish universities, each of which selects its own recipients from a limited annual allocation",both,tuition+stipend,NOT_FOUND (amount set institution by institution; the scheme has two parts — full or partial tuition fee waivers and/or grants towards living costs),NOT_FOUND (set by the awarding institution; tied to the full-degree programme),"yes — the eligibility clause is nationality-based with no country list: 'a citizen of a country outside the EU, the European Economic Area or Switzerland' (Study in Denmark, 'Scholarships', Danish government scholarships section)","Also requires enrolment in a full-degree higher education programme and the grant of a time-limited Danish residence permit for education. Excluded: those with a legal claim to the rights of Danish citizens, certain family-reunification permit holders, and anyone eligible for Danish state education support (SU). Because universities select, terms vary — enquire at the specific institution. UNVERIFIED: depends on GPA and IELTS status (institutions select on academic merit)",NOT_FOUND (follows each university's admission deadline for non-EU applicants),"before/with university application — selection is made from the admission pool, so the admission deadline is the operative date",apply via university — no separate national application exists,https://studyindenmark.dk/study-options/scholarships,2026-08-16,medium
Development-Related Postgraduate Courses (EPOS),"DAAD (German Academic Exchange Service), funded by the German Federal Ministry for Economic Cooperation and Development",national,Germany,"State or state-recognised German universities, restricted to the courses on the DAAD EPOS postgraduate course list",A,tuition+stipend,NOT_FOUND (value section not captured on the programme entry; DAAD publishes the rate in the annual course list),Duration of the chosen EPOS master's course (typically 12–24 months),"yes — 'Tunisia' appears in the country selector on the DAAD scholarship database entry for EPOS (detail=50076777), which DAAD states is the operative filter: 'If your status and/or country is not included in the list, you cannot apply'; the entry also links a DAC country list PDF under 'Who can apply?'",HARD BLOCKER for this applicant: requires at least two years' full-time professional experience after the first degree. Restricted to the defined list of development-related postgraduate courses — a general Business Analytics or Digital Media master's is not fundable unless it appears on that list. UNVERIFIED: depends on work history and expected graduation date; the profile records no professional experience,NOT_FOUND (course-specific; DAAD publishes a deadline list for 2027/2028 as a separate PDF),before university application — EPOS applications go to DAAD and to the course; admission follows,"apply direct — DAAD portal, to the chosen EPOS course",https://www2.daad.de/deutschland/stipendium/datenbank/en/21148-scholarship-database/?detail=50076777,2026-08-16,medium
Pret universitaire a l'etranger,"Ministere de l'Enseignement Superieur et de la Recherche Scientifique (MESRS), Direction des Bourses et des Prets",national,Any country of study approved by MESRS,NOT_FOUND,both,partial,NOT_FOUND,NOT_FOUND,yes,"Loan, not a grant. Eligibility clause at https://best.rnu.tn/prets-universitaires/ : parents' annual net income must not exceed a ceiling fixed by ministerial arrete; selection also weighs academic results and alignment with the ministry's priority specialisations and destinations. Amounts differ by country and are fixed by arrete ('Les montants des prets, qui different d'un pays a l'autre, sont fixes par l'arrete du ministre'). A guarantor must sign a 'cautionnement solidaire'. Repayment over a maximum of 10 years, starting two years after the final instalment. Annual call issued by the Direction des Bourses et des Prets; best.rnu.tn carries a recurring 'Appel a candidature aux etudiants tunisiens non boursiers poursuivant leurs etudes a l'etranger pour les prets universitaires', so students already abroad and non-scholarship holders may apply.",NOT_FOUND,after university application,via home ministry,https://best.rnu.tn/prets-universitaires/,2026-08-16,medium
Scholarships offered by the Romanian state through the Ministry of Foreign Affairs (HG 288/1993),"Government of Romania — Ministry of Foreign Affairs, with the Ministry of Education",national,Romania,"Romanian public higher education institutions; Medicine, Dental Medicine and Pharmacy are excluded",both,tuition+stipend,"NOT_FOUND (registration-fee exemption, tuition financing and a monthly stipend are listed without figures on the scheme page)","1–2 years for a master's, plus a funded preparatory year of Romanian where required","yes — eligibility is defined as 'foreign citizens from all non-EU countries', which Tunisia satisfies; exclusions are for applicants of Romanian origin, families of diplomatic staff and current scholarship holders","PRACTICAL BLOCKER for this applicant: at bachelor's and master's level, study is exclusively in Romanian. A funded preparatory year of Romanian is provided unless the applicant holds a Romanian diploma, passes a language test or presents a B1 certificate — so the scheme fails this profile's English/French-only language constraint. Only PhD level may be taken in a foreign language. Academic floor: an average of at least 7/10 or an equivalent 'Good' at the most recent completed level. Accommodation in a dormitory subject to availability. UNVERIFIED: depends on GPA (7/10 floor)",2026-03-31 PRIOR_CYCLE,"before university application — the scholarship application is the route into placement; results around 15 July, studies start 1 October",apply direct — online only via scholarships.studyinromania.gov.ro,https://scholarships.studyinromania.gov.ro/scholarship-about,2026-08-16,medium
Aga Khan Foundation International Scholarship Programme (ISP),Aga Khan Foundation,private,"Afghanistan, Australia, Bangladesh, Egypt, India, Kenya, Kyrgyz Republic, Madagascar, Mozambique, New Zealand, Pakistan, Syria, Tajikistan, Tanzania, Uganda (plus Canada, Portugal and USA for applicants originating from those countries)","Any accredited university, master's prioritised",both,tuition+stipend,NOT_FOUND,Duration of the postgraduate programme,no,"Tunisia does not appear on the AKF ISP country list published on the programme page - awards are 'handled by contacts in countries where AKF ISP is available' and Tunisia is not among them. Structure noted for completeness: half grant and half loan, with 50 per cent of the award repayable; travel, clothing, furniture and family costs excluded. The 2026-2027 cycle is closed and the next cycle opens in early 2027.",NOT_FOUND,before university application,apply direct (AKF country office),https://the.akdn/our-agencies/aga-khan-foundation/international-scholarship-programme,2026-08-16,high
Fondation Hassan II pour les Marocains Residant a l'Etranger - programmes de bourses,Fondation Hassan II pour les Marocains Residant a l'Etranger (Morocco),private,Morocco and countries of residence of the Moroccan diaspora,NOT_FOUND,both,partial,NOT_FOUND,NOT_FOUND,no,"Verified as Morocco-only, as the remit asked. The foundation is a Moroccan public-interest institution created in 1990 whose statutory object is the Moroccan community resident abroad ('La Fondation Hassan II pour les MRE est une institution a but non lucratif ... Elle a pour objet' the Moroccan diaspora). Its programmes are addressed to Moroccan nationals and their children; there is no Tunisian eligibility route. Not to be confused with the separate Moroccan Fondation H2 'bourses de merite' (1,000 MAD/month), which is likewise Moroccan-only.",NOT_FOUND,before university application,apply direct,https://www.fh2mre.ma/,2026-08-16,high
Master of Science Scholarship Programme (M.Sc.) for IsDB Least Developed Member Countries,Islamic Development Bank (IsDB),private,IsDB member countries only,"Universities in IsDB member countries ranked in the top 1,000 of the Times Higher Education ranking",both,tuition+stipend,NOT_FOUND,Two years maximum,no,"Two independent exclusions. First, the eligibility list in the official M.Sc. booklet reads 'Citizen of any of the 20 Least Developed member countries' - Tunisia is an IsDB member country but is not one of the 20 LDMCs, so it is outside the target group. Second, the Institutions of Study section reads 'The successful candidate for the program must secure admission at one of the IsDB member countries' universities listed in the top 1000 in the Times Higher Education Supplement (THES) ranking' - European destinations are therefore excluded regardless of nationality. Fields are limited to science, engineering, technology and medicine, and the age limit is 30.",NOT_FOUND,before university application,apply direct,https://www.isdb.org/sites/default/files/media/documents/2025-01/Booklet%20-%20MASTER%20OF%20SCIENCE%20SCHOLARSHIP%20FOR%20IsDB%20LEAST%20DEVELOPED%20MEMBER%20COUNTRIES.pdf,2026-08-16,high
Merit Scholarship Program for High Technology (MSP) for IsDB Member Countries,Islamic Development Bank (IsDB),private,IsDB member countries,"Universities in IsDB member countries in the top 1,000 of THE or QS; priority to countries with an IsDB cooperation agreement",both,tuition+stipend,NOT_FOUND,36 months PhD or 6-12 months post-doctoral research,no,"Not a master's scheme. The Fields of Study section of the official MSP booklet reads 'The program covers studies and research at two levels: (i) three-year or 36 months (about 3 years) Ph.D. study, and (ii) 6-12 months post-doctoral research.' Tunisia is an IsDB member country and would be nationality-eligible, but there is no master's track, and the Eligibility Requirements section further restricts it to 'scholars from MCs who are attached to educational, scientific, and technological institutions and research centers in their home countries', nominated institutionally rather than individually.",NOT_FOUND,before university application,apply direct,https://www.isdb.org/sites/default/files/media/documents/2025-01/Booklet%20-%20MERIT%20SCHOLARSHIP%20PROGRAM%20FOR%20HIGH%20TECHNOLOGY%20%28MSP%29%20FOR%20IsDB%20MEMBER%20COUNTRIES.pdf,2026-08-16,high
Mo Ibrahim Foundation scholarships (University of Birmingham MSc; Chatham House Academy Fellowship),Mo Ibrahim Foundation,private,United Kingdom,University of Birmingham; Chatham House,both,tuition+stipend,NOT_FOUND,Two-year MSc; ten-month fellowship,no,"Nationality-eligible but geographically out of scope. The scholarships page states 'the scholarships listed below are the only ones we currently offer and are for African nationals only' - a Tunisian national qualifies as an African national, but both awards are held in the United Kingdom (MSc in Governance and State-Building at the University of Birmingham; Academy Fellowship at Chatham House), which the brief excludes. The Foundation offers no continental-European award.",NOT_FOUND,before university application,apply direct,https://mo.ibrahim.foundation/scholarships,2026-08-16,high
OPEC Fund Scholarship Award,OPEC Fund for International Development (formerly OFID),private,"Any country worldwide (recent awardees studied in the UK, Belgium and the Netherlands)",Accredited universities worldwide,both,tuition+stipend,NOT_FOUND,"Master's degree, historically up to one year",unclear,"SUSPENDED. The official page states 'the OPEC Fund is currently restructuring its scholarship program and is not accepting applications at this time', so no current call, deadline or amount exists. The award historically supported 'outstanding young individuals from developing countries so that they are able to pursue graduate studies in a development-related field', with study permitted anywhere in the world, but no official country list naming Tunisia was found and the historical criterion excluding nationals of OPEC Fund member countries could not be confirmed on an official page. Fields were restricted to development-related disciplines.",NOT_FOUND,after university application,apply direct,https://opecfund.org/what-we-do/special-initiatives/scholarship,2026-08-16,low
Said Foundation Scholarship Programme,Said Foundation,private,United Kingdom,UK partner universities,both,tuition+stipend,NOT_FOUND,One-year master's,no,"Doubly excluded. The programme targets 'outstanding individuals with leadership potential who will be drivers of positive change within our target countries of Syria, Jordan, Lebanon and Palestine' - Tunisia is not a target country. Separately, 'We offer scholarships for one-year master's degree courses in the UK' and applications for study outside the UK are not considered.",NOT_FOUND,before university application,apply direct,https://www.saidfoundation.org/scholarships,2026-08-16,high
